doc_chembl_id,numAtoms,avgNumMolAtoms,smarts,time,scaff_frac
CHEMBL1140586,15,17.59090909090909,"[#6]-,=;!@[#6]-&!@[#6]-&!@[#7]1-&@[#6]-&@[#6]-&@[#8]-&@[#6](-&@[#6]-&@1)-&!@[#6]1:&@[#6]:&@[#6]:&@[#6]:&@[#6]:&@[#6]:&@1",0.00456690788269043,0.8527131782945737
CHEMBL1153392,17,20.146341463414632,[#6]-&!@[#6]1:&@[#6]:&@[#6](-&!@[#7]-&!@[#6]2:&@[#6]:&@[#6]:&@[#6]:&@[#6]:&@[#6]:&@2):&@[#7]2:&@[#6](:&@[#7]:&@1):&@[#7]:&@[#6]:&@[#7]:&@2,0.03339242935180664,0.8438256658595642
CHEMBL1138529,26,41.1875,[#6]-&!@[#7]1:&@[#6]:&@[#7]:&@[#6]:&@[#6]:&@1-&!@[#6]-&!@[#7]1-&@[#6]-&@[#6](-&!@[#7](-&!@[#6]-&!@[#6])-&!@[#16](=&!@[#8])(=&!@[#8])-&!@[#6])-&@[#6]-&@[#6]2:&@[#6]-&@1:&@[#6]:&@[#6]:&@[#6](:&@[#6]:&@2)-&!@[#6]#&!@[#7],30.205141305923462,0.6312594840667678
CHEMBL1156284,35,40.96774193548387,[#6]-&!@[#6](-&!@[#8]-&!@[#6]1-&@[#6]-&@[#7]2-&@[#6](-&@[#6]-&@1-&!@[#6]1:&@[#6]:&@[#6]:&@[#6](:&@[#6]:&@[#6]:&@1)-&!@[#9])-&@[#6]-&@[#6](=&@[#6]-&@[#6]-&@2=&!@[#8])-&!@[#6])-&!@[#6]1:&@[#6]:&@[#6](-&!@[#6](-&!@[#9])(-&!@[#9])-&!@[#9]):&@[#6]:&@[#6](:&@[#6]:&@1)-&!@[#6](-&!@[#9])(-&!@[#9])-&!@[#9],30.035293579101562,0.8543307086614172
CHEMBL1212923,16,25.967741935483872,[#6](=&!@[#8])-&!@[#7]1-&@[#6]-&@[#6]-&@[#7](-&@[#6]-&@[#6]-&@1)-&!@[#6]-&!@[#6]-&!@[#6]1:&@[#6]:&@[#6]:&@[#6]:&@[#6]:&@[#6]:&@1,0.17508530616760254,0.6161490683229813
CHEMBL1671812,21,28.13157894736842,"[#6]1:&@[#6]:&@[#6](-&!@[#6]=,-;!@[#6]2-&@[#16]-&@[#6](-&@[#7]-&@[#6]-&@2=&!@[#8])=&!@[#8]):&@[#6]:&@[#6]:&@[#6]:&@1-&!@[#8]-&!@[#6]1:&@[#6]:&@[#6]:&@[#6]:&@[#6]:&@[#6]:&@1",0.10987639427185059,0.7464920486435921
CHEMBL1671841,14,19.93617021276596,[#6]-&!@[#6]-&!@[#6]1:&@[#6]:&@[#6](=&!@[#8]):&@[#8]:&@[#6]2:&@[#6]:&@1:&@[#6](:&@[#7]:&@[#6]:&@[#7]:&@2)=&!@[#8],0.018365144729614258,0.7022411953041622
CHEMBL1795332,22,36.02777777777778,[#6]-&!@[#7]1:&@[#6]:&@[#6]:&@[#6](:&@[#6]:&@[#6]:&@1=&!@[#8])-&!@[#6]1-&@[#6]-&@[#6]-&@[#7]-&@[#6]-&@[#6]-&@1-&!@[#6](=&!@[#8])-&!@[#7](-&!@[#6]-&!@[#6])-&!@[#6]1-&@[#6]-&@[#6]-&@1,29.737215757369995,0.6106399383191982
CHEMBL1828590,18,27.056603773584907,[#6]-&!@[#6]-&!@[#6]1:&@[#7]:&@[#6]2:&@[#6](:&@[#7]:&@1-&!@[#6]):&@[#6]:&@[#6]:&@[#6](:&@[#6]:&@2)-&!@[#6]=&!@[#6]-&!@[#6](=&!@[#8])-&!@[#7]-&!@[#8],0.09241986274719238,0.6652719665271967
CHEMBL1909618,26,31.225806451612904,[#6]1:&@[#6]:&@[#6]:&@[#6]:&@[#6]:&@[#6]:&@1-&!@[#6](-&!@[#6])(-&!@[#6])-&!@[#6]-&!@[#6](-&!@[#8])(-&!@[#6]-&!@[#6]1:&@[#6]:&@[#6]2:&@[#6](:&@[#7]:&@1):&@[#6]:&@[#6]:&@[#6]:&@[#6]:&@2)-&!@[#6](-&!@[#9])(-&!@[#9])-&!@[#9],0.05386781692504883,0.8326446280991735
CHEMBL1949493,19,28.514285714285716,[#6]1:&@[#6]:&@[#6]:&@[#6](:&@[#6]:&@[#6]:&@1)-&!@[#7]1:&@[#6](-&!@[#6]-&!@[#6]):&@[#6]:&@[#6]:&@[#6]:&@1-&!@[#6]1:&@[#6]:&@[#6]:&@[#6]:&@[#6]:&@[#6]:&@1,0.3401825428009033,0.6663326653306613
CHEMBL2010768,18,22.146341463414632,[#6]-&!@[#7]-&!@[#6](=&!@[#8])-&!@[#6]1:&@[#6]:&@[#6]:&@[#6](:&@[#16]:&@1)-&!@[#7]1:&@[#6]:&@[#7]:&@[#6]2:&@[#6]:&@1:&@[#6]:&@[#6]:&@[#6]:&@[#6]:&@2,0.005771160125732422,0.8127753303964759
CHEMBL2029277,15,21.4375,[#6]-&!@[#6]1:&@[#7]:&@[#6]2:&@[#6](:&@[#6](:&@[#7]:&@1)=&!@[#8]):&@[#8]:&@[#6]1:&@[#6]:&@2:&@[#6]:&@[#6]:&@[#6]:&@[#6]:&@1,0.04334402084350586,0.6997084548104956
CHEMBL2157993,16,23.322580645161292,[#8]=&!@[#6](-&!@[#7]-&!@[#6]-&!@[#6]-&!@[#6]-&!@[#7]-&!@[#6]-&!@[#6]1:&@[#6]:&@[#6]:&@[#6]:&@[#6]:&@[#6]:&@1)-&!@[#7]-&!@[#6],0.0033304691314697266,0.686030428769018
CHEMBL2157910,25,30.387096774193548,[#6]-&!@[#6]1:&@[#7]:&@[#7]:&@[#6](:&@[#6]:&@1-&!@[#6]-&!@[#6]1:&@[#6]:&@[#6]:&@[#6]:&@[#6]:&@[#6]:&@1)-&!@[#8]-&!@[#6]1-&@[#8]-&@[#6](-&!@[#6]-&!@[#8])-&@[#6](-&@[#6](-&@[#6]-&@1-&!@[#8])-&!@[#8])-&!@[#8],0.09710812568664551,0.8227176220806794
CHEMBL2169770,26,39.86486486486486,"[#6](=,-;!@[#8])-&!@[#6]1-&@[#6]-&@[#6]-&@[#6](-&@[#6]-&@[#6]-&@1)-&!@[#7]1:&@[#6](=&!@[#7]-&!@[#6](=&!@[#8])-&!@[#6]2:&@[#6]:&@[#6]:&@[#6]:&@[#6]:&@[#6]:&@2):&@[#7]:&@[#6]2:&@[#6]:&@1:&@[#6]:&@[#6]:&@[#6]:&@[#6]:&@2",30.476372957229614,0.6522033898305085
CHEMBL2169772,21,32.78,[#7]-&!@[#6]1:&@[#7]:&@[#6]:&@[#7]:&@[#6]2:&@[#6]:&@1:&@[#7]:&@[#6](:&@[#7]:&@2-&!@[#6]-&!@[#6]-&!@[#6])-&!@[#16]-&!@[#6]1:&@[#6]:&@[#6]:&@[#6]:&@[#6]:&@[#6]:&@1-&!@[#35],10.50281047821045,0.6406345332519829
CHEMBL2176973,21,32.51162790697674,[#6]-&!@[#8]-&!@[#6]1:&@[#6]:&@[#6](-&!@[#6]=&!@[#6]2-&@[#6]-&@[#6]-&@[#6]-&@[#7]-&@[#6]-&@2):&@[#6]:&@[#6]:&@[#6]:&@1-&!@[#7]1:&@[#6]:&@[#7]:&@[#6](:&@[#6]:&@1)-&!@[#6],25.317615509033203,0.6459227467811159
CHEMBL2321873,22,29.285714285714285,[#6]1:&@[#6]:&@[#6](-&!@[#7]2-&@[#6]-&@[#6]-&@[#7](-&@[#6]-&@[#6]-&@2)-&!@[#6](=&!@[#8])-&!@[#6]-&!@[#7]2:&@[#7]:&@[#6](:&@[#6]:&@[#6]:&@2-&!@[#6])-&!@[#6]):&@[#6]:&@[#6]:&@[#6]:&@1,0.2504730224609375,0.751219512195122
CHEMBL2384910,27,43.520833333333336,[#6]-&!@[#7]-&!@[#6](=&!@[#8])-&!@[#6](-&!@[#6]-&!@[#6](-&!@[#8])-&!@[#6](-&!@[#7])-&!@[#6]-&!@[#7]1-&@[#6]-&@[#6](=&!@[#8])-&@[#7](-&@[#6]-&@[#6]-&@1(-&!@[#6])-&!@[#6])-&!@[#6]1:&@[#6]:&@[#6]:&@[#6]:&@[#6]:&@[#6]:&@1)-&!@[#6],0.014652490615844727,0.620392532312111
CHEMBL2401646,21,31.939393939393938,[#6]-&!@[#6]1:&@[#6]:&@[#8]:&@[#6]2:&@[#6]:&@1:&@[#6]:&@[#7]:&@[#6](:&@[#6]:&@2-&!@[#8]-&!@[#6](-&!@[#6])-&!@[#6]1:&@[#6]:&@[#6]:&@[#6]:&@[#6]:&@[#6]:&@1-&!@[#17])-&!@[#7],5.866318225860596,0.657495256166983
CHEMBL2412975,18,29.660377358490567,"[#6]-&!@[#6]1:,-;@[#6]:,-;@[#6]:,-;@[#6](:,-;@[#6]:,-;@[#6]:,-;@1)-&!@[#7]1-&@[#6]-&@[#6]-&@[#8]-&@[#6]2:&@[#6](-&@[#6]-&@1):&@[#6]:&@[#7]:&@[#6]:&@[#7]:&@2",0.6657798290252686,0.6068702290076335
CHEMBL2439976,23,33.44736842105263,[#6]-&!@[#7]-&!@[#6](=&!@[#8])-&!@[#6]1:&@[#6]:&@[#6](:&@[#8]:&@[#7]:&@1)-&!@[#6]1:&@[#6](-&!@[#8]):&@[#6]:&@[#6]:&@[#6]:&@[#6]:&@1-&!@[#8]-&!@[#6]1:&@[#6]:&@[#6]:&@[#6]:&@[#6]:&@[#6]:&@1,0.0966036319732666,0.6876475216365067
CHEMBL3085648,23,31.491525423728813,[#7]#&!@[#6]-&!@[#6]1:&@[#6]:&@[#7]:&@[#6](:&@[#7]:&@1)-&!@[#6](=&!@[#8])-&!@[#7]-&!@[#6]1:&@[#6]:&@[#6]:&@[#6](:&@[#6]:&@[#6]:&@1-&!@[#6]1=&@[#6]-&@[#6]-&@[#6]-&@[#6]-&@[#6]-&@1)-&!@[#6],1.25040602684021,0.7303552206673843
CHEMBL3232847,17,23.977777777777778,"[#7]-&!@[#6]1:&@[#7]:&@[#6]:&@[#7]:&@[#6]2:&@[#6]:&@1-&@[#7]=,-;@[#6](-&@[#6]-&@[#8]-&@2)-&!@[#6]1:&@[#6]:&@[#6]:&@[#6]:&@[#6]:&@[#6]:&@1",0.007283926010131836,0.7089898053753475
CHEMBL3351923,20,32.111111111111114,[#6]1:&@[#6]:&@[#6]:&@[#6]2:&@[#6](:&@[#6]:&@1)-&@[#6]1(-&@[#6]-&@[#8]-&@[#6](=&@[#7]-&@1)-&!@[#7])-&@[#6]1:&@[#6](-&@[#8]-&@2):&@[#6]:&@[#6]:&@[#6](:&@[#6]:&@1)-&!@[#6],30.32685613632202,0.6228373702422144
CHEMBL3351932,37,45.029411764705884,[#6]-&!@[#7]1:&@[#6](-&!@[#6]):&@[#6](:&@[#6]2:&@[#6]:&@1:&@[#6]:&@[#6](:&@[#6]:&@[#6]:&@2)-&!@[#6](=&!@[#8])-&!@[#7]-&!@[#6]1(-&!@[#6](=&!@[#8])-&!@[#7]-&!@[#6]2:&@[#6]:&@[#6]:&@[#6](:&@[#6]:&@[#6]:&@2)-&!@[#6]=&!@[#6]-&!@[#6](=&!@[#8])-&!@[#8])-&@[#6]-&@[#6]-&@[#6]-&@1)-&!@[#6]1-&@[#6]-&@[#6]-&@[#6]-&@[#6]-&@1,30.13687515258789,0.821685173089484
CHEMBL3352511,21,26.058823529411764,[#7]-&!@[#6](=&!@[#8])-&!@[#6]1:&@[#6]:&@[#6](:&@[#7]:&@[#6]:&@1-&!@[#6]1:&@[#6]:&@[#6]:&@[#6]:&@[#6]:&@[#6]:&@1)-&!@[#6]1:&@[#6]:&@[#6]:&@[#7]:&@[#6](:&@[#7]:&@1)-&!@[#7],0.0045206546783447266,0.8058690744920993
CHEMBL3414522,23,33.354838709677416,[#8]=&!@[#6](-&!@[#7]-&!@[#8])-&!@[#6]1(-&!@[#16](=&!@[#8])(=&!@[#8])-&!@[#6]2:&@[#6]:&@[#6]:&@[#6]:&@[#6]:&@[#6]:&@2)-&@[#6]-&@[#6]-&@[#6]2(-&@[#6]-&@1)-&@[#6]-&@[#6]-&@[#7]-&@[#6]-&@[#6]-&@2,2.440021276473999,0.6895551257253385
CHEMBL3421625,18,27.972972972972972,[#8]=&!@[#6](-&!@[#6]1:&@[#6]:&@[#6]:&@[#6]:&@[#6]:&@[#6]:&@1)-&!@[#7]1-&@[#6]-&@[#6]-&@[#7]2:&@[#6](-&@[#6]-&@1):&@[#7]:&@[#7]:&@[#6]:&@2-&!@[#6],2.001132011413574,0.6434782608695653
CHEMBL3425511,23,30.638297872340427,"[#6]1:&@[#6]:&@[#6]:&@[#6]:&@[#6]:&@[#6]:&@1-&!@[#6]1:&@[#6]:&@[#6]:&@[#6]2:&@[#6](:&@[#6]:&@1):&@[#7]:&@[#6](:&@[#7]:&@2)-&!@[#6]#,-,=;!@[#6]-&!@[#6]1:&@[#6]:&@[#6]:&@[#6]:&@[#6]:&@[#6]:&@1",0.01606011390686035,0.7506944444444444
CHEMBL3580554,23,25.225806451612904,"[#6]-&!@[#6](-&!@[#6](=&!@[#8])-&!@[#7]1-&@[#6]-,=;@[#6]-&@[#7](-&@[#6]-&@[#6]-&@1)-&!@[#6]1:&@[#6]:&@[#6]:&@[#6]:&@[#6]:&@[#6]:&@1)-&!@[#7]1-&@[#6](=&!@[#8])-&@[#6]-&@[#6]-&@[#6]-&@1=,-;!@[#8]",0.03689765930175781,0.9117647058823529
CHEMBL3621104,15,24.81132075471698,[#7]-&!@[#6](=&!@[#8])-&!@[#6]1-&@[#6]-&@[#6]2:&@[#6](-&@[#7]-&@1-&!@[#6](=&!@[#8])-&!@[#6]):&@[#6]:&@[#6]:&@[#6]:&@[#6]:&@2,0.23104119300842285,0.6045627376425856
CHEMBL3734751,29,41.976190476190474,[#6]1:&@[#7]:&@[#6]2:&@[#6](:&@[#7]:&@1-&!@[#6]-&!@[#6]1:&@[#6]:&@[#6]:&@[#6](:&@[#6]:&@[#6]:&@1)-&!@[#6]1:&@[#6]:&@[#6]:&@[#6]:&@[#6]:&@[#6]:&@1-&!@[#6]):&@[#6]:&@[#6](:&@[#6]:&@[#6]:&@2-&!@[#6])-&!@[#6](=&!@[#8])-&!@[#7]-&!@[#6]-&!@[#6],30.113046407699585,0.6908678389109473
CHEMBL3758160,20,28.547619047619047,[#6](=&!@[#6]-&!@[#6]1:&@[#6]:&@[#6]:&@[#6](:&@[#6]:&@[#6]:&@1)-&!@[#6]=&!@[#6]-&!@[#6](=&!@[#8])-&!@[#7]-&!@[#8])-&!@[#6]1:&@[#6]:&@[#6]:&@[#6]:&@[#6]:&@[#6]:&@1,0.08874702453613281,0.700583819849875
CHEMBL3774320,20,32.31481481481482,[#6]-&!@[#6]1:&@[#6]:&@[#7]:&@[#6](:&@[#7]:&@1)-&!@[#6]1-&@[#6]-&@[#6]2:&@[#6](-&@[#6](-&@[#7]-&@1)-&!@[#6]):&@[#7]:&@[#6]1:&@[#6]:&@2:&@[#6]:&@[#6]:&@[#6]:&@[#6]:&@1,30.039833784103394,0.6189111747851003
CHEMBL3804799,17,24.857142857142858,[#6]-&!@[#6]-&!@[#6]-&!@[#8]-&!@[#6]1:&@[#6]:&@[#6]:&@[#6](:&@[#7](:&@[#7]:&@1)-&!@[#6]1:&@[#6]:&@[#6]:&@[#6]:&@[#6]:&@[#6]:&@1)=&!@[#8],0.057238101959228516,0.6839080459770115
CHEMBL3853327,28,36.375,[#6]-&!@[#6]1:&@[#6]:&@[#6](-&!@[#6]):&@[#6](:&@[#6](:&@[#6]:&@1)-&!@[#6])-&!@[#8]-&!@[#6]1:&@[#7]:&@[#6](-&!@[#7]-&!@[#6]2-&@[#6]-&@[#6]-&@[#7](-&@[#6]-&@[#6]-&@2)-&!@[#6]-&!@[#6]):&@[#7]:&@[#6]2:&@[#6]:&@1:&@[#16]:&@[#6]:&@[#6]:&@2,30.204476594924927,0.7697594501718213
CHEMBL3856276,21,27.605263157894736,[#6]1:&@[#6]:&@[#6]:&@[#6]2:&@[#6](:&@[#6]:&@1)-&@[#6]-&@[#6]-&@[#7]1-&@[#6]-&@2-&@[#6]-&@[#6]2:&@[#6]3:&@[#6]:&@[#6]:&@[#6]:&@[#6]:&@[#6]:&@3:&@[#7]:&@[#6]:&@2-&@[#6]-&@1,0.006325960159301758,0.7607244995233556
CHEMBL3860059,22,35.1063829787234,[#6]-&!@[#6]-&!@[#8]-&!@[#6]1:&@[#6]:&@[#6]:&@[#6]:&@[#6]:&@[#6]:&@1-&!@[#6]1:&@[#7]:&@[#6]2:&@[#6](-&!@[#6]-&!@[#6]):&@[#7]:&@[#7](:&@[#6]:&@2:&@[#6](:&@[#7]:&@1)=&!@[#8])-&!@[#6],3.0863029956817627,0.6266666666666667
CHEMBL3862029,25,39.25581395348837,"[#6]#,=;!@[#6]-&!@[#6]1:&@[#6]:&@[#6]:&@[#6]2:&@[#6](:&@[#6]:&@1)-&@[#8]-&@[#6](-&!@[#6]-&!@[#7](-&!@[#6])-&!@[#6])-&@[#6](-&@[#6]-&@[#7](-&@[#16]-&@2(=&!@[#8])=&!@[#8])-&!@[#6](-&!@[#6])-&!@[#6]-&!@[#8])-&!@[#6]",21.427368879318237,0.6368483412322276
CHEMBL3865829,34,41.29032258064516,[#6]1:&@[#7]:&@[#6]:&@[#6](:&@[#6]:&@[#6]:&@1-&!@[#7]-&!@[#16](=&!@[#8])(=&!@[#8])-&!@[#6]1:&@[#6]:&@[#6]:&@[#6](:&@[#6]:&@[#6]:&@1)-&!@[#9])-&!@[#6]1:&@[#6]:&@[#6]:&@[#6]2:&@[#6](:&@[#6]:&@1):&@[#6](:&@[#6]:&@[#6]:&@[#7]:&@2)-&!@[#6]1:&@[#6]:&@[#6]:&@[#6](:&@[#6]:&@[#6]:&@1)-&!@[#6],9.378753662109375,0.8234375
CHEMBL3994586,20,25.8125,[#8]=&!@[#6](-&!@[#6]1:&@[#6]:&@[#6]:&@[#6](:&@[#16]:&@1)-&!@[#6]1:&@[#6]:&@[#6]:&@[#6]:&@[#6]:&@[#6]:&@1)-&!@[#6]1:&@[#6]:&@[#6]:&@[#6]:&@[#6](:&@[#6]:&@1)-&!@[#8],0.1484084129333496,0.774818401937046
CHEMBL3994677,34,43.41935483870968,[#6](-&!@[#7]-&!@[#6](=&!@[#8])-&!@[#6]1:&@[#6](-&!@[#6]-&!@[#7]2-&@[#6]-&@[#6]-&@[#6](-&@[#6]-&@[#6]-&@2)-&!@[#7]):&@[#6](-&!@[#6]2:&@[#6]:&@[#6]:&@[#6]:&@[#6]:&@[#6]:&@2):&@[#7]:&@[#6]2:&@[#6]:&@1:&@[#6]:&@[#6]:&@[#6]:&@[#6]:&@2)-&!@[#6]1:&@[#6]:&@[#6]:&@[#6]:&@[#6]:&@[#6]:&@1,30.098502159118652,0.7830609212481426
CHEMBL4004830,22,32.86486486486486,[#6]-&!@[#6]1:&@[#7]:&@[#6](:&@[#16]:&@[#6]:&@1-&!@[#6]1:&@[#6]:&@[#6]:&@[#7]:&@[#6](:&@[#7]:&@1)-&!@[#7]-&!@[#6]1:&@[#6]:&@[#6]:&@[#6](:&@[#6]:&@[#7]:&@1)-&!@[#7])-&!@[#7]-&!@[#6],3.675987958908081,0.6694078947368421
CHEMBL4007421,25,29.048,[#6]1:&@[#6]:&@[#6]:&@[#6](:&@[#6]:&@[#6]:&@1)-&!@[#16](=&!@[#8])(=&!@[#8])-&!@[#6]1:&@[#6]:&@[#7]:&@[#6]2:&@[#6](:&@[#6]:&@1-&!@[#6]1:&@[#6]:&@[#6]:&@[#6]:&@[#6]:&@[#6]:&@1):&@[#6]:&@[#6]:&@[#6]:&@[#6]:&@2,29.507978439331055,0.8606444505645828
CHEMBL4007422,19,29.658536585365855,[#8]=&!@[#16](=&!@[#8])(-&!@[#6]1:&@[#6]:&@[#6]:&@[#6]:&@[#6]:&@[#6]:&@1)-&!@[#7]1:&@[#6]:&@[#6](:&@[#6]2:&@[#6]:&@1:&@[#6]:&@[#6]:&@[#6]:&@[#6]:&@2)-&!@[#6],4.124466896057129,0.640625
CHEMBL4007489,20,30.03846153846154,[#7]-&!@[#6]-&!@[#7]-&!@[#6]1:&@[#6]:&@[#6]:&@[#6]2:&@[#6](:&@[#6]:&@1):&@[#6](:&@[#7]:&@[#6]:&@[#7]:&@2)-&!@[#7]-&!@[#6]1:&@[#6]:&@[#6]:&@[#6]:&@[#6]:&@[#6]:&@1,0.05423784255981445,0.6658130601792573
CHEMBL4011618,21,28.20689655172414,"[#6]-&!@[#7]-&!@[#6](=&!@[#8])-&!@[#7]-&!@[#6]1:&@[#6]:&@[#6]:&@[#6](:&@[#6]:&@[#6]:&@1)-&!@[#6]1:,-;@[#6]:,-;@[#6]:,=;@[#7]:,-;@[#6]2:&@[#6]:,-;@1:&@[#6](:&@[#7]:&@[#7]:&@2)-&!@[#6]",1.9336004257202148,0.7444987775061125
CHEMBL4011639,38,42.774193548387096,"[#6](=,-;!@[#8])-&!@[#7]-&!@[#6]1:&@[#6]:&@[#6]:&@[#7](:&@[#6](:&@[#7]:&@1)=&!@[#8])-&!@[#6]1-&@[#8]-&@[#6](-&@[#6](-&@[#6]-&@1(-&!@[#6])-&!@[#9])-&!@[#8])-&!@[#6]-&!@[#8]-&!@[#15](=&!@[#8])(-&!@[#7]-&!@[#6](-&!@[#6])-&!@[#6](=&!@[#8])-&!@[#8]-&!@[#6](-&!@[#6])-&!@[#6])-&!@[#8]-&!@[#6]1:&@[#6]:&@[#6]:&@[#6]:&@[#6]:&@[#6]:&@1",0.5453226566314697,0.8883861236802414
CHEMBL4014311,26,34.5,[#6]-&!@[#7]-&!@[#6](=&!@[#8])-&!@[#6]1:&@[#6](-&!@[#6]2:&@[#6]:&@[#6]:&@[#6](:&@[#6]:&@[#6]:&@2)-&!@[#9]):&@[#8]:&@[#6]2:&@[#6]:&@1:&@[#6]:&@[#6](:&@[#6]:&@[#6]:&@2)-&!@[#6]1:&@[#6]:&@[#6]:&@[#6]:&@[#6]:&@[#6]:&@1,2.4208528995513916,0.7536231884057971
CHEMBL4014336,18,25.955555555555556,"[#6]-&!@[#6]-&!@[#6]1(-&!@[#6]2:,-;@[#6]:,-;@[#6]:,-;@[#6]:,-;@[#6]:,-;@[#6]:,-;@2)-&@[#6]2-&@[#6]-&@[#6]3-&@[#6]-&@[#6]-&@1-&@[#6]-&@[#6](-&@[#6]-&@2)-&@[#6]-&@3",0.19980955123901367,0.6934931506849314
CHEMBL4017489,25,36.145833333333336,[#6]-&!@[#6]-&!@[#7]-&!@[#6]1:&@[#6]:&@[#6]2:&@[#7]:&@[#6]3:&@[#7](:&@[#6](:&@[#6]:&@2:&@[#6]:&@[#6]:&@1-&!@[#9])=&!@[#8])-&@[#6]-&@[#6]-&@[#6]-&@3=&!@[#6]-&!@[#6]1:&@[#6]:&@[#6]:&@[#6]:&@[#6]:&@[#6]:&@1,30.126157999038696,0.6916426512968299
CHEMBL4020847,25,32.06349206349206,[#6]-&!@[#6]-&!@[#7]1-&@[#6]-&@[#6]-&@[#6](-&@[#6]-&@[#6]-&@1)-&!@[#7](-&!@[#6]-&!@[#6]1:&@[#6]:&@[#6]:&@[#6]:&@[#6]:&@[#6]:&@1)-&!@[#6](=&!@[#8])-&!@[#7]-&!@[#6]1:&@[#6]:&@[#6]:&@[#6]:&@[#6]:&@[#6]:&@1,0.38535284996032715,0.7797029702970297
CHEMBL4028831,20,32.40425531914894,[#6]-&!@[#6]1:&@[#6](-&!@[#6](-&!@[#8])-&!@[#6]-&!@[#7]2-&@[#6]-&@[#6]-&@[#6]-&@[#6]-&@[#6]-&@2):&@[#6]:&@[#6]:&@[#6]2:&@[#6]:&@1-&@[#6]-&@[#8]-&@[#6]-&@2=&!@[#8],5.887102842330933,0.6172028890347997
CHEMBL4028883,31,42.71153846153846,"[#6]1:&@[#6]:&@[#6]:&@[#6](:&@[#6]:&@[#6]:&@1)-&!@[#7]-&!@[#6](=&!@[#8])-&!@[#6]1-&@[#6]:,-;@[#6]-,:;@[#6]-&@[#6]-&@[#7]-&@1-&!@[#6](=&!@[#8])-&!@[#6]=&!@[#6]-&!@[#6]1:&@[#6]:&@[#6](-&!@[#17]):&@[#6]:&@[#6]:&@[#6]:&@1-&!@[#7]1:&@[#6]:&@[#7]:&@[#7]:&@[#7]:&@1",3.154797077178955,0.7257991895542548
CHEMBL4028900,16,24.416666666666668,[#7]-&!@[#6]1:&@[#7]:&@[#6]:&@[#6]:&@[#6](:&@[#7]:&@1)-&!@[#6]1:&@[#6]:&@[#7]:&@[#6]2:&@[#6]:&@1:&@[#6]:&@[#6]:&@[#6]:&@[#7]:&@2,0.4789547920227051,0.6552901023890785
CHEMBL4043283,22,31.104166666666668,[#6]-&!@[#6]1:&@[#6]:&@[#6](=&!@[#8]):&@[#6]2:&@[#6](:&@[#8]:&@1):&@[#6](:&@[#6](:&@[#6]:&@[#6]:&@2-&!@[#8])-&!@[#8])-&!@[#6]1-&@[#6]-&@[#6]-&@[#7](-&@[#6]-&@[#6]-&@1-&!@[#8])-&!@[#6],0.7315723896026611,0.7073007367716008
CHEMBL4052645,23,29.029411764705884,[#6]-&!@[#6]1(-&!@[#6])-&@[#6](-&!@[#7]-&!@[#6]2:&@[#6](-&!@[#6](-&!@[#7])=&!@[#8]):&@[#6]:&@[#7]:&@[#7]3:&@[#6]:&@2:&@[#6]:&@[#6](:&@[#6]:&@3)-&!@[#6])-&@[#6]-&@[#6]-&@[#6]-&@1(-&!@[#6])-&!@[#7],17.46597385406494,0.7922998986828773
CHEMBL4052831,20,32.02857142857143,[#6]-&!@[#7]-&!@[#6](=&!@[#8])-&!@[#7]1:&@[#6]:&@[#6]:&@[#6]2:&@[#6]:&@1:&@[#6]:&@[#6]:&@[#6](:&@[#6]:&@2)-&!@[#8]-&!@[#6]1:&@[#7]:&@[#6]:&@[#7]:&@[#6]:&@[#6]:&@1,12.071693420410156,0.6244424620874218
CHEMBL4118236,20,27.87878787878788,"[#8]=,-;!@[#6](-,=;!@[#8])-&!@[#6]-&!@[#7]-&!@[#6](=&!@[#8])-&!@[#6]1:&@[#7]:&@[#6]:&@[#6](:&@[#6]:&@[#6]:&@1-&!@[#8])-&!@[#6]1:&@[#6]:&@[#7](:&@[#7]:&@[#7]:&@1)-&!@[#6]",0.8589880466461182,0.717391304347826
CHEMBL4130350,29,35.0,[#6]-&!@[#7]1-&@[#6]-&@[#6]-&@[#7](-&@[#6]-&@[#6]-&@1)-&!@[#6](=&!@[#8])-&!@[#6]1:&@[#6]:&@[#6](-&!@[#6]-&!@[#6]2:&@[#7]:&@[#7]:&@[#6](:&@[#6]3:&@[#6]:&@2:&@[#6]:&@[#6]:&@[#6]:&@[#6]:&@3)=&!@[#8]):&@[#6]:&@[#6](:&@[#6]:&@1-&!@[#9])-&!@[#9],0.031461238861083984,0.8285714285714286
CHEMBL4130359,29,36.67741935483871,[#6]-&!@[#7]1-&@[#6](=&!@[#8])-&@[#16]-&@[#6](-&@[#6]-&@1=&!@[#8])=&!@[#6]-&!@[#6]1:&@[#6]:&@[#6]:&@[#6]2:&@[#6](:&@[#6]:&@1):&@[#6]:&@[#7]:&@[#7]:&@2-&!@[#6]-&!@[#6]1:&@[#6]:&@[#6]:&@[#6]:&@[#6]:&@[#6]:&@1-&!@[#6](-&!@[#9])(-&!@[#9])-&!@[#9],12.697642087936401,0.7906772207563764
CHEMBL4130633,26,35.0,[#6]-&!@[#6]-&!@[#7]1:&@[#6](=&!@[#8]):&@[#6](:&@[#16]:&@[#6]:&@1=&!@[#6]-&!@[#6]1:&@[#16]:&@[#6]:&@[#6]:&@[#7]:&@1-&!@[#6]-&!@[#6])=&!@[#6]1-&@[#16]-&@[#6]2:&@[#6](-&@[#7]-&@1-&!@[#6]):&@[#6]:&@[#6]:&@[#6]:&@[#6]:&@2,30.28971266746521,0.7428571428571429
CHEMBL4138301,21,33.61290322580645,[#6]1(-&!@[#6]-&!@[#6](=&!@[#8])-&!@[#8])-&@[#6]-&@[#6]-&@[#6]2:&@[#6](-&@[#6]-&@1):&@[#6]:&@[#6]:&@[#6](:&@[#6]:&@2)-&!@[#6]1:&@[#6]:&@[#6]:&@[#6](:&@[#6]:&@[#6]:&@1)-&!@[#7],3.9171738624572754,0.6247600767754319
CHEMBL4145625,25,38.21951219512195,[#6]1:&@[#7]:&@[#6]:&@[#6](:&@[#6]:&@[#6]:&@1-&!@[#7]-&!@[#16](-&!@[#6])(=&!@[#8])=&!@[#8])-&!@[#6]1:&@[#6]:&@[#6](-&!@[#8]-&!@[#6]):&@[#6]2:&@[#6](:&@[#6]:&@1):&@[#6](:&@[#7]:&@[#6](:&@[#7]:&@2)-&!@[#7])-&!@[#6],9.715567350387573,0.6541161455009572
CHEMBL4152344,27,31.08108108108108,[#6]-&!@[#6]1:&@[#7]:&@[#6](:&@[#16]:&@[#6]:&@1-&!@[#6]1:&@[#6]:&@[#7]:&@[#6]:&@[#6](:&@[#6]:&@1)-&!@[#7]-&!@[#16](=&!@[#8])(=&!@[#8])-&!@[#6]1:&@[#6]:&@[#6]:&@[#6]:&@[#6]:&@[#6]:&@1)-&!@[#7]-&!@[#6](=&!@[#8])-&!@[#6]-&!@[#7],0.02538776397705078,0.8686956521739131
CHEMBL4152347,38,49.68571428571428,[#6]=&!@[#6](-&!@[#6])-&!@[#6]1-&@[#6]-&@[#6]-&@[#6]2-&@[#6]-&@1-&@[#6]1-&@[#6](-&@[#6]-&@[#6]-&@2)(-&!@[#6])-&@[#6]2(-&@[#6]-&@[#6]-&@[#6]3-&@[#6](-&@[#6]-&@2-&@[#6]-&@[#6]-&@1)(-&!@[#6])-&@[#6]-&@[#6]=&@[#6](-&@[#6]-&@3(-&!@[#6])-&!@[#6])-&!@[#6]1:&@[#6]:&@[#6]:&@[#6](:&@[#6]:&@[#6]:&@1)-&!@[#6](=&!@[#8])-&!@[#8])-&!@[#6],30.21074151992798,0.7648073605520415
CHEMBL4152365,25,30.916666666666668,[#6]-&!@[#7]1:&@[#6](-&!@[#6]-&!@[#8]-&!@[#6]2:&@[#6]:&@[#6]:&@[#6]:&@[#6]:&@[#6]:&@2):&@[#7]:&@[#6]2:&@[#6]:&@1:&@[#6]:&@[#6](:&@[#6]:&@[#6]:&@2)-&!@[#8]-&!@[#6]1:&@[#6]:&@[#6]:&@[#6]:&@[#6]:&@[#6]:&@1,10.82498025894165,0.8086253369272237
CHEMBL4152380,25,33.13333333333333,"[#6]-&!@[#8]-&!@[#6]1:&@[#6]:&@[#6]2:,-;@[#6]:,-;@[#7]:,-;@[#6]3:&@[#6](:,-;@[#6]:&@2:&@[#6]:&@[#6]:&@1-&!@[#8]-&!@[#6]):&@[#6]:&@[#6]:&@[#6]1:&@[#6]:&@3:&@[#6]:&@[#6]2:&@[#6](:&@[#6]:&@1)-&@[#8]-&@[#6]-&@[#8]-&@2",13.938791990280151,0.7545271629778673
CHEMBL4152387,17,26.22,[#6]-&!@[#7]-&!@[#6]1:&@[#6]:&@[#6]:&@[#6](:&@[#6]:&@[#6]:&@1-&!@[#6](-&!@[#7])=&!@[#8])-&!@[#6]1:&@[#6]:&@[#6]:&@[#6]:&@[#6]:&@[#6]:&@1,0.40761303901672363,0.6483600305110603
CHEMBL4184143,22,31.17142857142857,[#6]-&!@[#8]-&!@[#6]1:&@[#6]:&@[#6]2:&@[#6](:&@[#6]:&@[#6]:&@1-&!@[#6]1:&@[#6](-&!@[#6]):&@[#7]:&@[#8]:&@[#6]:&@1-&!@[#6]):&@[#7]:&@[#6]1:&@[#6]:&@2:&@[#6]:&@[#7]:&@[#6]:&@[#7]:&@1,13.415720224380493,0.7057745187901009
CHEMBL4184149,25,35.125,[#6]-&!@[#6]1:&@[#6]:&@[#6](-&!@[#6]-&!@[#8]-&!@[#6]2:&@[#6]:&@[#6]:&@[#6](:&@[#6]:&@[#6]:&@2)-&!@[#16](=&!@[#8])(=&!@[#8])-&!@[#7]-&!@[#6]-&!@[#6]):&@[#6]2:&@[#6](:&@[#7]:&@1):&@[#6]:&@[#6]:&@[#6]:&@[#6]:&@2,7.659973859786987,0.7117437722419929
CHEMBL4184197,20,26.425,[#6]-&!@[#8]-&!@[#6]1:&@[#6]:&@[#6]:&@[#6](:&@[#6]:&@[#6]:&@1)-&!@[#6](=&!@[#8])-&!@[#7]-&!@[#6]1:&@[#6]:&@[#6]:&@[#6](:&@[#6]:&@[#6]:&@1)-&!@[#6](=&!@[#8])-&!@[#8],0.008193254470825195,0.7568590350047304
CHEMBL4261537,18,28.741935483870968,[#8]=&!@[#6]1-&@[#6](=&!@[#6]-&!@[#6]2:&@[#6]:&@[#6]:&@[#6]:&@[#6]:&@[#6]:&@2)-&@[#6]-&@[#8]-&@[#6]2:&@[#6]-&@1:&@[#6]:&@[#6]:&@[#6]:&@[#6]:&@2,0.05805039405822754,0.6262626262626263
CHEMBL4270598,16,26.477272727272727,"[#6]=,-;!@[#6]1-&@[#6](=&!@[#8])-&@[#8]-&@[#6]2-&@[#6]-&@1-&@[#6]-&@[#6]1-&@[#6]-&@[#6]-&@[#6]-&@[#6]-&@[#6]-&@1(-&@[#6]-&@2)-&!@[#6]",0.5560319423675537,0.6042918454935623
CHEMBL4304830,17,25.41176470588235,[#6]-&!@[#6]1:&@[#7]:&@[#6](:&@[#7]:&@[#6]:&@1-&!@[#6]1:&@[#6]:&@[#6]:&@[#7]:&@[#6](:&@[#6]:&@1)-&!@[#7]-&!@[#6](=&!@[#8])-&!@[#6])-&!@[#6],0.011842727661132812,0.6689814814814815
CHEMBL4311940,22,35.371428571428574,[#6]-&!@[#8]-&!@[#6]1:&@[#6]:&@[#6]:&@[#6](:&@[#6]:&@[#7]:&@1)-&!@[#6]1:&@[#6]:&@[#6](-&!@[#8]-&!@[#6]-&!@[#6]):&@[#6]2:&@[#6](:&@[#6]:&@1):&@[#6](:&@[#7]:&@[#6]:&@[#7]:&@2)-&!@[#6],3.7538065910339355,0.6219709208400646
CHEMBL4316619,24,29.024390243902438,[#8]-&!@[#6]1:&@[#6]:&@[#6](-&!@[#6]2:&@[#6]:&@[#6]:&@[#7]:&@[#6]3:&@[#6]:&@2:&@[#6](-&!@[#6]):&@[#7]:&@[#7]:&@3-&!@[#6]2:&@[#6]:&@[#6]:&@[#6]:&@[#6]:&@[#6]:&@2):&@[#6]:&@[#6]:&@[#6]:&@1-&!@[#8],0.010086297988891602,0.8268907563025211
CHEMBL4321873,22,34.95,[#6]-&!@[#8]-&!@[#6]1:&@[#7]:&@[#6]:&@[#6](:&@[#6]:&@[#6]:&@1-&!@[#7]-&!@[#16](-&!@[#6])(=&!@[#8])=&!@[#8])-&!@[#6]1:&@[#6]:&@[#6]2:&@[#6](:&@[#6]:&@[#6]:&@1)-&@[#6]-&@[#8]-&@[#6]-&@2,7.168114185333252,0.6294706723891272
CHEMBL4342498,23,33.6,[#8]=&!@[#6]1:&@[#7]:&@[#6](-&!@[#7]2-&@[#6]-&@[#6]-&@[#6]3(-&@[#6]-&@[#6]-&@2)-&@[#6]-&@[#7](-&@[#6]2:&@[#6]-&@3:&@[#6](:&@[#6]:&@[#6]:&@[#6]:&@2)-&!@[#9])-&!@[#6]):&@[#7]:&@[#6]:&@[#6]:&@1,30.214407205581665,0.6845238095238095
CHEMBL4342517,25,39.921052631578945,[#6]-&!@[#8]-&!@[#6]1:&@[#6]:&@[#6]:&@[#6](:&@[#6]:&@[#6]:&@1)-&!@[#7](-&!@[#6])-&!@[#6](=&!@[#8])-&!@[#6](-&!@[#6]-&!@[#6]1:&@[#6]:&@[#6]:&@[#6]:&@[#6]:&@[#6]:&@1)-&!@[#7]-&!@[#6](=&!@[#8])-&!@[#6]-&!@[#7],0.01806354522705078,0.6262359920896506
CHEMBL4346765,29,39.8780487804878,"[#6]=,-;!@[#6]-&!@[#6](=&!@[#8])-&!@[#7]-&!@[#6]1:&@[#6]:&@[#6]:&@[#6]:&@[#6](:&@[#6]:&@1)-&!@[#7]-&!@[#6]1:&@[#7]:&@[#6](-&!@[#7]-&!@[#6]2:&@[#6]:&@[#6]:&@[#6](:&@[#6]:&@[#6]:&@2)-&!@[#8]-&!@[#6]-&!@[#6]):&@[#7]:&@[#6]:&@[#6]:&@1-&!@[#9]",30.81288743019104,0.727217125382263
CHEMBL4354805,12,16.448979591836736,[#7]-&!@[#6]1=&@[#7]-&@[#6]2-&@[#6](-&@[#16]-&@1)-&@[#8]-&@[#6](-&@[#6](-&@[#6]-&@2)-&!@[#8])-&!@[#6],0.031186580657958984,0.7295285359801489
CHEMBL4354853,26,41.7,[#6]-&!@[#6]1:&@[#6]:&@[#7]:&@[#6]2:&@[#7]:&@1:&@[#6]:&@[#6](:&@[#6]:&@[#6]:&@2)-&!@[#6]1:&@[#6]:&@[#7]:&@[#6]:&@[#6](:&@[#6]:&@1)-&!@[#7]-&!@[#16](=&!@[#8])(=&!@[#8])-&!@[#6]1:&@[#6]:&@[#6]:&@[#6]:&@[#6]:&@[#6]:&@1,11.763999938964844,0.6235011990407674
CHEMBL4371006,31,40.07936507936508,[#6]-&!@[#8]-&!@[#6]1:&@[#6]:&@[#6]2:&@[#7]:&@[#6]:&@[#6]:&@[#6](:&@[#6]:&@2:&@[#6]:&@[#6]:&@1-&!@[#8]-&!@[#6])-&!@[#8]-&!@[#6]1:&@[#6]:&@[#6]:&@[#6](:&@[#6]:&@[#6]:&@1)-&!@[#7]-&!@[#16](=&!@[#8])(=&!@[#8])-&!@[#6]1:&@[#6]:&@[#6]:&@[#6]:&@[#6]:&@[#6]:&@1,11.810317277908325,0.7734653465346534
CHEMBL4373708,16,25.844444444444445,[#6]-&!@[#6]-&!@[#8]-&!@[#6]1:&@[#6]:&@[#6]:&@[#6]2:&@[#6](:&@[#6]:&@1-&!@[#6]):&@[#8]:&@[#6](:&@[#6](:&@[#6]:&@2)-&!@[#6])=&!@[#8],0.7365496158599854,0.6190885640584695
CHEMBL4373715,25,28.441860465116278,[#6]1:&@[#6]:&@[#6]:&@[#6]:&@[#6]2:&@[#6]:&@1-&@[#6]-&@[#6]1:&@[#6]-&@2:&@[#7]:&@[#6](:&@[#6]:&@[#6]:&@1-&!@[#6]1:&@[#6]:&@[#6]:&@[#6]:&@[#6]:&@[#6]:&@1)-&!@[#6]1:&@[#6]:&@[#6]:&@[#6]:&@[#6]:&@[#6]:&@1,30.007769107818604,0.8789860997547015
CHEMBL4376858,17,22.97142857142857,[#6]-&!@[#6]-&!@[#16](-&!@[#8])-&!@[#6](-&!@[#6]1:&@[#6]:&@[#6]:&@[#6]:&@[#6]:&@[#6]:&@1)-&!@[#6]1:&@[#6]:&@[#6]:&@[#6]:&@[#6]:&@[#6]:&@1,0.02031421661376953,0.7400497512437811
CHEMBL4376885,25,31.666666666666668,[#6]-&!@[#6]1:&@[#6]:&@[#6](-&!@[#6]):&@[#6]:&@[#6](:&@[#6]:&@1-&!@[#8]-&!@[#6]1:&@[#6]:&@[#6]:&@[#7]:&@[#6](:&@[#7]:&@1)-&!@[#7]-&!@[#6]1:&@[#6]:&@[#6]:&@[#6](:&@[#6]:&@[#6]:&@1)-&!@[#6]#&!@[#7])-&!@[#6],0.596045970916748,0.7894736842105263
CHEMBL4382235,24,28.41860465116279,[#6]-&!@[#6]-&!@[#6]1:&@[#6]:&@[#6]:&@[#6](:&@[#6]:&@[#6]:&@1)-&!@[#6]1:&@[#6](-&!@[#8]):&@[#6]:&@[#6]:&@[#6]2:&@[#6]:&@1:&@[#6]1:&@[#6]:&@[#6]:&@[#6]:&@[#6]:&@[#6]:&@1:&@[#6](:&@[#7]:&@2)=&!@[#8],6.239194393157959,0.8445171849427169
CHEMBL4382286,23,30.9375,[#7]-&!@[#6]1:&@[#6](-&!@[#6]-&!@[#16](=&!@[#8])(=&!@[#8])-&!@[#6]2:&@[#6]:&@[#6]:&@[#6]:&@[#6]:&@[#6]:&@2):&@[#7]:&@[#6]2:&@[#7]:&@1:&@[#6]:&@[#6](:&@[#6]:&@[#6]:&@2-&!@[#16]-&!@[#6])-&!@[#17],2.1474063396453857,0.7434343434343434
CHEMBL4385603,31,45.214285714285715,[#6]-&!@[#6]1:&@[#6]:&@[#6](-&!@[#8]-&!@[#6]-&!@[#6]-&!@[#6]-&!@[#6]2:&@[#6]:&@[#7]:&@[#6]3:&@[#6]:&@2:&@[#6]:&@[#6]:&@[#6](:&@[#6]:&@3-&!@[#6]2:&@[#6](-&!@[#6]):&@[#7]:&@[#7](:&@[#6]:&@2-&!@[#6])-&!@[#6])-&!@[#17]):&@[#6]:&@[#6](:&@[#6]:&@1-&!@[#17])-&!@[#6],30.252121210098267,0.6856240126382306
CHEMBL4385604,30,34.02564102564103,[#6]-&!@[#7]1:&@[#6]:&@[#6](:&@[#6]2:&@[#6]:&@1:&@[#7]:&@[#6]:&@[#7]:&@[#6]:&@2-&!@[#7])-&!@[#6]1:&@[#6]:&@[#6]:&@[#6](:&@[#6]:&@[#6]:&@1)-&!@[#7]-&!@[#6](=&!@[#8])-&!@[#7]-&!@[#6]1:&@[#6]:&@[#6](:&@[#8]:&@[#7]:&@1)-&!@[#6](-&!@[#6])(-&!@[#6])-&!@[#6],0.007855415344238281,0.881688018085908
CHEMBL4422661,25,32.29032258064516,[#6]-&!@[#6]1:&@[#6]:&@[#6]:&@[#6]2:&@[#6](:&@[#6]:&@1):&@[#6]:&@[#6](:&@[#6](:&@[#7]:&@2)-&!@[#7]1-&@[#6]-&@[#6]-&@[#6](-&@[#6]-&@[#6]-&@1)-&!@[#7]-&!@[#6])-&!@[#6]1:&@[#7]:&@[#6](:&@[#7]:&@[#8]:&@1)-&!@[#6],11.454347610473633,0.7742257742257742
CHEMBL4428063,14,18.944444444444443,[#6]-&!@[#6]-&!@[#6]-&!@[#6]-&!@[#7]-&!@[#6]1:&@[#7]:&@[#6](-&!@[#7]):&@[#7]:&@[#6]:&@[#6]:&@1-&!@[#8]-&!@[#6],0.0032758712768554688,0.7390029325513197
CHEMBL4602728,14,21.556701030927837,"[#8]-&!@[#6]1:&@[#7]:&@[#6]:&@[#6]:&@[#7]:&@[#6]:&@1-&!@[#7]-&!@[#6]1:,-;@[#6]:,-;@[#6]:,-;@[#6]:,-;@[#6]:,-;@[#6]:,-;@1",0.22515869140625,0.6494500239120038
CHEMBL4610036,23,34.540983606557376,[#6]-&!@[#8]-&!@[#6]1:&@[#6]:&@[#6](-&!@[#6](=&!@[#8])-&!@[#7]-&!@[#6]2-&@[#6]-&@[#6]-&@[#7](-&@[#6]-&@[#6]-&@2)-&!@[#6]-&!@[#6]):&@[#6]:&@[#6](:&@[#6]:&@1-&!@[#8]-&!@[#6])-&!@[#8]-&!@[#6],30.478785037994385,0.6658756525866161
CHEMBL4616632,14,20.884615384615383,"[#8]=,-;!@[#6](-,=;!@[#8])-&!@[#6]1:&@[#6]:&@[#6]:&@[#6]:&@[#6]2:&@[#6]:&@1-&@[#8]-&@[#5](-&@[#6]-,=;@[#6]-&@2)-&!@[#8]",0.044995784759521484,0.6703499079189688
CHEMBL4616720,20,31.870967741935484,[#6]-&!@[#6]1-&@[#6]-&@[#6]-&@[#6]-&@[#7]-&@1-&!@[#6](=&!@[#8])-&!@[#6](-&!@[#6]-&!@[#6](=&!@[#8])-&!@[#7]-&!@[#8])-&!@[#6]-&!@[#6]1-&@[#6]-&@[#6]-&@[#6]-&@[#6]-&@1,0.11974883079528809,0.6275303643724697
CHEMBL4622971,16,25.340425531914892,[#6]-&!@[#7]-&!@[#6](=&!@[#8])-&!@[#6]1:&@[#6]:&@[#6](-&!@[#6](-&!@[#7])=&!@[#8]):&@[#6]:&@[#7](:&@[#6]:&@1=&!@[#8])-&!@[#6]-&!@[#6],0.11945009231567383,0.6314021830394627
CHEMBL4622974,22,32.205882352941174,[#6]-&!@[#8]-&!@[#6]1:&@[#6]:&@[#6](-&!@[#8]-&!@[#6]):&@[#6]:&@[#6](:&@[#6]:&@1)-&!@[#6]1:&@[#6]:&@[#7]:&@[#6]:&@[#6](:&@[#6]:&@1)-&!@[#6]1:&@[#6]:&@[#6]:&@[#6]:&@[#6]:&@[#6]:&@1,7.7120184898376465,0.6831050228310502
CHEMBL4627393,25,36.35,[#8]=&!@[#16](=&!@[#8])(-&!@[#7]-&!@[#6])-&!@[#6]1:&@[#6]:&@[#6]:&@[#6]2:&@[#6](:&@[#6]:&@1)-&@[#8]-&@[#6]-&@[#6]-&@[#6]-&@2-&!@[#6]1:&@[#6]:&@[#6]:&@[#6](:&@[#6]:&@[#6]:&@1)-&!@[#6](-&!@[#9])(-&!@[#9])-&!@[#9],0.4162559509277344,0.6877579092159559
CHEMBL4665751,17,25.3125,[#8]=&!@[#6](-&!@[#8])-&!@[#6]-&!@[#7]-&!@[#6](=&!@[#8])-&!@[#6]1:&@[#7]:&@[#6]:&@[#6](:&@[#6]:&@[#6]:&@1-&!@[#8])-&!@[#6]#&!@[#6]-&!@[#6],0.031754493713378906,0.671604938271605
CHEMBL4680144,22,27.68421052631579,[#6]-&!@[#6]-&!@[#7]1:&@[#6](=&!@[#8]):&@[#6](-&!@[#6](=&!@[#8])-&!@[#7]-&!@[#6]2:&@[#7]:&@[#7]:&@[#6]:&@[#16]:&@2):&@[#6](:&@[#6]2:&@[#6]:&@1:&@[#6]:&@[#6]:&@[#6]:&@[#6]:&@2)-&!@[#8],0.06352686882019043,0.7946768060836501
CHEMBL4680224,27,32.471698113207545,"[#7]#&!@[#6]-&!@[#6]1:&@[#7]:&@[#6]:&@[#6](:&@[#6]:&@[#6]:&@1-&!@[#6](-&!@[#9])(-&!@[#9])-&!@[#9])-&!@[#7]1-&@[#6](=&!@[#8])-&@[#6]2-&@[#7](-&@[#6]-&@1=&!@[#16])-&@[#6]-,:;@[#6]:&@[#6]:&@[#6]:&@[#6]:&@[#6]:,-;@[#6]-&@[#6]-&@2",26.4927237033844,0.831493317838466
CHEMBL4699517,39,46.17948717948718,[#6]-&!@[#8]-&!@[#6](=&!@[#8])-&!@[#6]12-&@[#8]-&@[#6]-&@[#6]34-&@[#6]-&@1-&@[#6](-&@[#6](-&@[#8]-&@[#6]-&@3-&@[#6]-&@[#6]1-&@[#6](-&@[#6]-&@4-&@[#6](-&@[#6]-&@2-&!@[#8])-&!@[#8])(-&!@[#6])-&@[#6]-&@[#6](=&!@[#8])-&@[#6](=&@[#6]-&@1-&!@[#6])-&!@[#8]-&!@[#6]-&!@[#6])=&!@[#8])-&!@[#8]-&!@[#6](=&!@[#8])-&!@[#6]=&!@[#6](-&!@[#6])-&!@[#6],30.05003309249878,0.8445308162132148
CHEMBL4699642,21,33.53846153846154,[#6]-&!@[#7]1:&@[#6]2:&@[#6]:&@[#6]:&@[#6]:&@[#6]:&@[#6]:&@2:&@[#6](:&@[#6]2:&@[#6]:&@1:&@[#7]:&@[#6]1:&@[#6]:&@2:&@[#6]:&@[#6]:&@[#6](:&@[#6]:&@1)-&!@[#6]#&!@[#7])=&!@[#8],11.965835332870483,0.6261467889908257
CHEMBL4706486,21,33.470588235294116,"[#6]1=,-,:;@[#6]-&@[#6]=&@[#6]2-&@[#6](-&@[#6]-&@1=&!@[#8])(-&@[#6]1:&@[#6](:&@[#6](:&@[#6](:&@[#6](:&@[#6]:&@1-&@[#8]-&@2)-&!@[#6](-&!@[#6])=&!@[#8])-&!@[#8])-&!@[#6])-&!@[#8])-&!@[#6]",30.620041370391846,0.6274165202108963
CHEMBL4715818,28,42.22857142857143,[#6]-&!@[#8]-&!@[#6]1:&@[#6]:&@[#6]2:&@[#7]:&@[#6]:&@[#7]:&@[#6](:&@[#6]:&@2:&@[#6]:&@[#6]:&@1-&!@[#7]-&!@[#6](=&!@[#8])-&!@[#6]1:&@[#6]:&@[#6]:&@[#6]:&@[#6]:&@[#6]:&@1)-&!@[#7]-&!@[#6]1:&@[#6]:&@[#6]:&@[#6]:&@[#6]:&@[#6]:&@1,24.142387866973877,0.6630581867388363
CHEMBL4715869,21,32.45,[#6]1:&@[#6]:&@[#7]:&@[#6](:&@[#7]:&@[#6]:&@1-&!@[#6]1:&@[#6]:&@[#7]:&@[#7](:&@[#6]:&@1)-&!@[#6](-&!@[#6])-&!@[#6])-&!@[#7]-&!@[#6]1:&@[#6]:&@[#6]:&@[#6]:&@[#6]:&@[#6]:&@1,5.181003093719482,0.6471494607087827
CHEMBL4715876,21,32.31428571428572,[#6]-&!@[#6](-&!@[#7]-&!@[#6]1:&@[#6]:&@[#6]:&@[#7]:&@[#6]:&@[#7]:&@1)-&!@[#6]1:&@[#6]:&@[#6]:&@[#7]:&@[#6]:&@[#6]:&@1-&!@[#6]1:&@[#6]:&@[#6]:&@[#6]:&@[#6]:&@[#6]:&@1,1.3152196407318115,0.649867374005305
CHEMBL4732199,18,29.03030303030303,[#8]=&!@[#6]1-&@[#7]-&@[#6]-&@[#6]-&@[#6]-&@12-&@[#6]-&@[#6]-&@[#7](-&@[#6]-&@[#6]-&@2)-&!@[#6]1:&@[#6](-&!@[#17]):&@[#6]:&@[#7]:&@[#6]:&@[#6]:&@1,0.6825189590454102,0.6200417536534446
CHEMBL4765243,14,21.63888888888889,[#7]-&!@[#6](=&!@[#16])-&!@[#7]-&!@[#7]=&!@[#6]-&!@[#6]1:&@[#6]:&@[#6]:&@[#6](:&@[#6](:&@[#6]:&@1)-&!@[#8])-&!@[#8],0.0023751258850097656,0.6469833119383825
CHEMBL4808167,21,29.533333333333335,[#6]-&!@[#6]-&!@[#6](=&!@[#8])-&!@[#7]1-&@[#6]-&@[#6]-&@[#7]2:&@[#6](-&@[#6]-&@1-&!@[#6]-&!@[#6]):&@[#7]:&@[#6](:&@[#6]:&@2)-&!@[#6]1:&@[#6]:&@[#6]:&@[#6]:&@[#6]:&@[#6]:&@1,0.362170934677124,0.7110609480812641
CHEMBL4808175,21,30.013698630136986,"[#6]-&!@[#8]-&!@[#6]1:&@[#6]:&@[#6]:&@[#6](:&@[#6]:&@[#6]:&@1)-&!@[#6]1-,:;@[#6]-,:;@[#6]=,:;@[#7]-,:;@[#7]-,:;@1-&!@[#6]1:&@[#6]:&@[#6]:&@[#6](:&@[#6]:&@[#6]:&@1)-&!@[#6]=&!@[#8]",2.363211154937744,0.6996805111821086
CHEMBL4808205,16,25.734375,[#6]-&!@[#7]-&!@[#6](=&!@[#8])-&!@[#6]-&!@[#7]1:&@[#7]:&@[#7]:&@[#6]2:&@[#6](:&@[#6]:&@1=&!@[#8]):&@[#6]:&@[#6]:&@[#6]:&@[#6]:&@2,0.015511512756347656,0.6217364905889496
CHEMBL4813947,18,27.029411764705884,[#6]-&!@[#6]1:&@[#6]:&@[#6]:&@[#6]2:&@[#6](:&@[#6]:&@1):&@[#16]:&@[#6](:&@[#7]:&@2)-&!@[#7]-&!@[#6](=&!@[#8])-&!@[#6]1:&@[#6]:&@[#6]:&@[#6]:&@[#7]:&@1,0.29517173767089844,0.6659412404787812
CHEMBL4813953,26,31.295454545454547,[#6]-&!@[#8]-&!@[#6]1:&@[#6]:&@[#6]:&@[#6]2:&@[#6](:&@[#6]:&@1)-&@[#6]-&@[#6](-&@[#6]-&@2)-&!@[#6]-&!@[#6]1(-&!@[#9])-&@[#6]-&@[#6]-&@[#7](-&@[#6]-&@[#6]-&@1)-&!@[#6]-&!@[#6]1:&@[#6]:&@[#6]:&@[#6]:&@[#6]:&@[#6]:&@1,3.1825554370880127,0.830791575889615
CHEMBL4819003,20,30.17948717948718,[#6]-&!@[#6](-&!@[#6]1:&@[#6]:&@[#7]:&@[#6]2:&@[#6]:&@1:&@[#6]:&@[#6]:&@[#6]:&@[#6]:&@2)-&!@[#6]1:&@[#6]:&@[#7]:&@[#6]2:&@[#6]:&@1:&@[#6]:&@[#6]:&@[#6]:&@[#6]:&@2,28.73480224609375,0.6627017841971113
CHEMBL4831528,19,31.36,[#6]-&!@[#8]-&!@[#6]1:&@[#6]:&@[#6](-&!@[#6]=&!@[#6]-&!@[#6]2:&@[#6]:&@[#6]:&@[#6]:&@[#6]:&@[#6]:&@2):&@[#6](:&@[#6](:&@[#6]:&@1)-&!@[#8]-&!@[#6])-&!@[#6],0.033901214599609375,0.6058673469387755
CHEMBL4834480,23,33.638297872340424,[#6]-&!@[#6]1:&@[#6]:&@[#6](-&!@[#8]-&!@[#6]-&!@[#6]-&!@[#6]-&!@[#7]2:&@[#6]:&@[#6](:&@[#6]:&@[#6]:&@2-&!@[#6](=&!@[#8])-&!@[#8])-&!@[#16]-&!@[#6]):&@[#6]:&@[#6](:&@[#6]:&@1-&!@[#17])-&!@[#6],2.264427900314331,0.6837444655281468
CHEMBL4837181,16,26.638297872340427,"[#8]-,=;!@[#6](=,-;!@[#8])-&!@[#6](-&!@[#7])-&!@[#6]-&!@[#6]1:&@[#6]:&@[#7](:&@[#6]2:&@[#6]:&@1:&@[#6]:&@[#6]:&@[#6]:&@[#6]:&@2)-&!@[#6]",0.10052132606506348,0.6006389776357827
CHEMBL4837205,26,36.68571428571428,[#6]1:&@[#6]:&@[#7]:&@[#6]2:&@[#7](:&@[#6]:&@1=&!@[#8]):&@[#6]:&@[#6](:&@[#6]:&@[#6]:&@2)-&!@[#7](-&!@[#6]-&!@[#6]-&!@[#7]-&!@[#6])-&!@[#6]1:&@[#6]:&@[#6](-&!@[#8]-&!@[#6]):&@[#6]:&@[#6](:&@[#6]:&@1)-&!@[#8]-&!@[#6],0.6870467662811279,0.7087227414330218
CHEMBL4837214,21,33.40816326530612,[#8]-&!@[#6]1:&@[#6](-&!@[#8]-&!@[#6]):&@[#6]:&@[#6]:&@[#6]2:&@[#6]:&@1-&@[#6]-&@[#7]1-&@[#6](-&@[#6]-&@2)-&@[#6]2:&@[#6]:&@[#6]:&@[#6]:&@[#6]:&@[#6]:&@2-&@[#6]-&@[#6]-&@1,10.297762393951416,0.6285888821014051
CHEMBL4837249,25,34.2972972972973,"[#6]1:,-;@[#6]:,-;@[#6](-&!@[#7]-&!@[#6](=&!@[#8])-&!@[#6]2:&@[#6]:&@[#6]:&@[#6]:&@[#6](:&@[#6]:&@2)-&!@[#6]#&!@[#6]-&!@[#6]2:&@[#6]:&@[#6](-&!@[#6]):&@[#6]:&@[#7]:&@[#6]:&@2-&!@[#7]):,-;@[#6]:,-;@[#6]:,-;@[#6]:,-;@1",0.5658841133117676,0.7289204097714735
CHEMBL4837257,26,28.705882352941178,[#6]-&!@[#8]-&!@[#6]1:&@[#7]:&@[#6](-&!@[#6]2=&@[#7]-&@[#8]-&@[#6]-&@[#6](-&@[#7]-&@2)-&!@[#6]2:&@[#6]:&@[#6]:&@[#6]:&@[#6]:&@[#6]:&@2):&@[#6]:&@[#6]:&@[#6]:&@1-&!@[#7]1:&@[#6]:&@[#7]:&@[#6](:&@[#6]:&@1)-&!@[#6],0.6853158473968506,0.9057377049180327
CHEMBL4840351,24,37.03846153846154,[#6]-&!@[#6]1:&@[#7]:&@[#6](:&@[#6](:&@[#7]:&@1-&!@[#7])-&!@[#6]=&!@[#8])-&!@[#6]1:&@[#6]:&@[#6]:&@[#6](:&@[#6]:&@[#6]:&@1)-&!@[#6](=&!@[#8])-&!@[#7]-&!@[#6]1:&@[#6]:&@[#6]:&@[#6]:&@[#6]:&@[#7]:&@1,2.5229153633117676,0.6479750778816199
CHEMBL4842353,25,34.8235294117647,[#6]-&!@[#6]1:&@[#6]:&@[#7]:&@[#7]2:&@[#6]:&@1:&@[#7]:&@[#6](:&@[#6]:&@2-&!@[#6](-&!@[#7])=&!@[#8])-&!@[#6]1:&@[#6]:&@[#6]:&@[#6](:&@[#6]:&@[#6]:&@1)-&!@[#8]-&!@[#6]1:&@[#6]:&@[#6]:&@[#6]:&@[#6]:&@[#6]:&@1,0.05162811279296875,0.7179054054054055
CHEMBL4842387,24,29.790697674418606,"[#6]-&!@[#8]-&!@[#6]1:&@[#6]:&@[#6]:&@[#6](:&@[#6]:&@[#6]:&@1-&!@[#8]-&!@[#6]-&!@[#6]=,-;!@[#8])-&!@[#7](-&!@[#6])-&!@[#6]1:&@[#7]:&@[#6]:&@[#7]:&@[#6]2:&@[#6]:&@1:&@[#6]:&@[#6]:&@[#6]:&@[#6]:&@2",0.6981956958770752,0.8056206088992974
CHEMBL5032496,22,34.63265306122449,"[#6]-&!@[#6]-&!@[#6]-&!@[#7]1-&@[#6](-&!@[#6]2:&@[#6]:&@[#6]:&@[#6]:&@[#6]:&@[#6]:&@2)-&@[#6]2:,-;@[#7]:,-;@[#6]3:&@[#6](:,-;@[#6]:,-;@2-&@[#6]-&@[#6]-&@1):&@[#6]:&@[#6]:&@[#6]:&@[#6]:&@3",26.25598978996277,0.6352386564525634
CHEMBL5038637,23,37.276595744680854,[#6]1:&@[#6]:&@[#7]:&@[#6](:&@[#7]:&@[#6]:&@1-&!@[#6]1:&@[#6]:&@[#6]:&@[#6]2:&@[#6](:&@[#6]:&@1):&@[#7]:&@[#6]:&@[#6]:&@[#7]:&@2)-&!@[#7]-&!@[#6]1:&@[#6]:&@[#6]:&@[#6]:&@[#6]:&@[#7]:&@1,23.37956142425537,0.6170091324200913
CHEMBL5038661,19,28.7,[#6]-&!@[#7]-&!@[#6]1:&@[#7]:&@[#6]:&@[#6]:&@[#6](:&@[#7]:&@1)-&!@[#7]1-&@[#6]-&@[#6]-&@[#6]2(-&@[#6]-&@[#6]-&@1)-&@[#6]-&@[#6]-&@[#7]-&@[#6]-&@2=&!@[#8],1.0789873600006104,0.662020905923345
CHEMBL5042473,27,34.90769230769231,[#6]-&!@[#7]-&!@[#6](=&!@[#8])-&!@[#6]1:&@[#6]:&@[#6]:&@[#6]2:&@[#6](:&@[#6]:&@1)-&@[#6](=&!@[#8])-&@[#6]1:&@[#6]:&@[#6]:&@[#6](:&@[#6]:&@[#6]:&@1-&@[#6]-&@[#6]-&@2)-&!@[#7]-&!@[#6]1:&@[#6]:&@[#6]:&@[#6]:&@[#6]:&@[#6]:&@1,28.654956817626953,0.7734684883208461
CHEMBL5042533,25,37.63414634146341,[#6]-&!@[#7]-&!@[#6](=&!@[#8])-&!@[#7]-&!@[#6]1:&@[#6]:&@[#6]:&@[#6](:&@[#6]:&@[#6]:&@1)-&!@[#7]-&!@[#6]1:&@[#7]:&@[#6]:&@[#7]:&@[#6]2:&@[#6]:&@1-&@[#8]-&@[#6](-&@[#6](-&@[#7]-&@2)=&!@[#8])(-&!@[#6])-&!@[#6],7.629601716995239,0.6642903434867142
CHEMBL5042543,30,38.2,"[#8]=,-;!@[#6](-,=;!@[#8])-&!@[#6]1:&@[#6]:&@[#6](-&!@[#6]2:&@[#6]:&@[#6]:&@[#6](:&@[#6]:&@[#6]:&@2)-&!@[#6]):&@[#6]2:&@[#6](:&@[#6]:&@1):&@[#6]:&@[#6](:&@[#6]:&@[#6]:&@2)-&!@[#6]1:&@[#6]:&@[#6]:&@[#6](:&@[#6]:&@[#6]:&@1)-&!@[#6](-&!@[#9])(-&!@[#9])-&!@[#9]",30.08147358894348,0.7853403141361256
CHEMBL5046217,23,35.608695652173914,[#6]-&!@[#6]-&!@[#7]-&!@[#6]1:&@[#7]:&@[#6]:&@[#6]:&@[#6](:&@[#7]:&@1)-&!@[#6]1:&@[#6](-&!@[#6]2:&@[#6]:&@[#6]:&@[#6]:&@[#6]:&@[#6]:&@2):&@[#7]:&@[#6]2:&@[#7]:&@1:&@[#6]:&@[#6]:&@[#16]:&@2,5.996985197067261,0.645909645909646
CHEMBL5046235,22,35.68181818181818,[#6]1:&@[#6]:&@[#7]:&@[#6](:&@[#7]:&@[#6]:&@1-&!@[#6]1:&@[#6]:&@[#7]:&@[#6]2:&@[#6]:&@1:&@[#6]:&@[#6]:&@[#6]:&@[#7]:&@2)-&!@[#7]-&!@[#6]1:&@[#6]:&@[#6]:&@[#6]:&@[#6]:&@[#7]:&@1,13.276838541030884,0.6165605095541402
CHEMBL5046276,20,28.942857142857143,[#8]=&!@[#6](-&!@[#7]-&!@[#8])-&!@[#6]1:&@[#6]:&@[#7]:&@[#6](:&@[#7]:&@[#6]:&@1)-&!@[#7]1-&@[#6]-&@[#6]-&@[#6]2(-&@[#6]-&@1)-&@[#6]-&@[#7](-&@[#6]-&@2)-&!@[#6]-&!@[#6],2.6611201763153076,0.6910167818361304
CHEMBL5046289,30,40.625,[#8]=&!@[#6](-&!@[#6]=&!@[#6]-&!@[#6]1:&@[#6]:&@[#6](-&!@[#17]):&@[#6]:&@[#6]:&@[#6]:&@1-&!@[#7]1:&@[#6]:&@[#7]:&@[#7]:&@[#7]:&@1)-&!@[#7]-&!@[#6]-&!@[#6](=&!@[#8])-&!@[#7]-&!@[#6]1:&@[#6]:&@[#6]:&@[#6](:&@[#6]:&@[#6]:&@1)-&!@[#6](=&!@[#8])-&!@[#8],0.01097559928894043,0.7384615384615385
CHEMBL5053536,29,33.05263157894737,[#6]-&!@[#6]1-&@[#6]-&@[#7](-&!@[#6](=&!@[#8])-&!@[#6]2:&@[#6]:&@[#6](-&!@[#6]-&!@[#7]3:&@[#6](=&!@[#8]):&@[#7]:&@[#6](:&@[#6]4:&@[#6]:&@3:&@[#6]:&@[#6]:&@[#6]:&@[#6]:&@4)=&!@[#8]):&@[#6]:&@[#6]:&@[#6]:&@2-&!@[#9])-&@[#6]-&@[#6]-&@[#7]-&@1,0.006464958190917969,0.8773885350318471
CHEMBL5055665,26,39.895833333333336,[#6]1:&@[#6]:&@[#6](-&!@[#7]-&!@[#6]2:&@[#6]:&@[#6]:&@[#6](:&@[#6]:&@[#6]:&@2)-&!@[#6](=&!@[#8])-&!@[#6]=&!@[#6]-&!@[#6]2:&@[#6]:&@[#6]:&@[#6]:&@[#6]:&@[#6]:&@2):&@[#7]2:&@[#6](:&@[#7]:&@1):&@[#7]:&@[#6]:&@[#7]:&@2,30.29595136642456,0.6516971279373368
CHEMBL5096221,37,50.829268292682926,[#6]-&!@[#7]1-&@[#6]-&@[#6]-&@[#7](-&@[#6]-&@[#6]-&@1)-&!@[#6](=&!@[#8])-&!@[#6]1:&@[#6]:&@[#6]2:&@[#6](:&@[#7]:&@1-&!@[#6]):&@[#6]:&@[#6](:&@[#6]:&@[#6]:&@2)-&!@[#8]-&!@[#6]1:&@[#6]:&@[#7]:&@[#6](:&@[#6]:&@[#7]:&@1)-&!@[#6]1:&@[#7]:&@[#6](:&@[#7]:&@[#8]:&@1)-&!@[#6]1:&@[#6]:&@[#6]:&@[#6]:&@[#6]:&@[#6]:&@1,30.139009475708008,0.7279270633397313
CHEMBL5096242,21,29.75,[#6]-&!@[#6]1:&@[#7]:&@[#6]2:&@[#6](:&@[#7]:&@1):&@[#6]1:&@[#6]:&@[#6]:&@[#6]:&@[#6]:&@[#6]:&@1:&@[#7]:&@[#6]:&@2-&!@[#7]-&!@[#6]1:&@[#6]:&@[#6]:&@[#6]:&@[#6]:&@[#6]:&@1,0.006494760513305664,0.7058823529411765
CHEMBL5108019,25,32.91428571428571,[#6]=&!@[#6]-&!@[#6]1(-&!@[#6])-&@[#6]-&@[#6](-&!@[#8])-&@[#6]2(-&!@[#6])-&@[#6](-&!@[#6])-&@[#6]-&@[#6]-&@[#6]3(-&@[#6](-&@[#6]-&@1-&!@[#8])-&!@[#6])-&@[#6]-&@2-&@[#6](-&@[#6](-&@[#6]-&@3)=&!@[#6]-&!@[#6])=&!@[#8],7.776057243347168,0.7595486111111112
CHEMBL5108087,12,19.257142857142856,[#6]-&!@[#8]-&!@[#6]1:&@[#6]:&@[#6]:&@[#6]2:&@[#6](:&@[#6]:&@1):&@[#6](:&@[#6]:&@[#8]:&@2)-&!@[#6],0.025335073471069336,0.6231454005934718
CHEMBL5113550,20,29.970588235294116,[#6]1:&@[#6]:&@[#7]:&@[#6](:&@[#7]:&@[#6]:&@1-&!@[#7]-&!@[#6]1:&@[#6]:&@[#6]:&@[#6]:&@[#6]:&@[#6]:&@1)-&!@[#7]-&!@[#6]1:&@[#6]:&@[#6]:&@[#6]:&@[#6]:&@[#6]:&@1,1.2581086158752441,0.6673209028459274
CHEMBL5120851,23,32.625,[#6]-&!@[#6]-&!@[#8]-&!@[#7]=&!@[#6]1-&@[#6](=&!@[#6]2-&@[#6](=&!@[#8])-&@[#7]-&@[#6]3:&@[#6]-&@2:&@[#6]:&@[#6]:&@[#6]:&@[#6]:&@3)-&@[#7]-&@[#6]2:&@[#6]-&@1:&@[#6]:&@[#6]:&@[#6]:&@[#6]:&@2,11.518534660339355,0.7049808429118773
CHEMBL5126595,27,36.85294117647059,"[#6]1:&@[#6]:&@[#6]:&@[#6]:&@[#6]:&@[#6]:&@1-&!@[#7]-&!@[#6]1:&@[#7]:&@[#6](-&!@[#7]-&!@[#6]2:&@[#6]:&@[#6]:&@[#6]3:&@[#6](:&@[#6]:&@2):&@[#7]:&@[#6](:&@[#6]:&@3-&!@[#6]=,-;!@[#8])-&!@[#6]):&@[#7]:&@[#6]:&@[#6]:&@1-&!@[#17]",29.631470441818237,0.7326416600159618
CHEMBL5126609,29,38.35897435897436,[#6]-&!@[#6]1-&@[#6]-&@[#7](-&!@[#6]2:&@[#16]:&@[#6](:&@[#7]:&@[#6]:&@2-&!@[#6]2:&@[#7]:&@[#6]3:&@[#6](:&@[#7]:&@2):&@[#6]:&@[#6]:&@[#6]:&@[#6]:&@3)-&!@[#6](-&!@[#9])(-&!@[#9])-&!@[#9])-&@[#6]-&@[#6]-&@[#7]-&@1-&!@[#6](=&!@[#8])-&!@[#6]-&!@[#7],11.466953039169312,0.7560160427807487
CHEMBL5131502,20,32.64102564102564,[#6]1:&@[#6]:&@[#6]:&@[#6](:&@[#6]:&@[#6]:&@1)-&!@[#6]-&!@[#7]-&!@[#6](=&!@[#8])-&!@[#7](-&!@[#6]-&!@[#6])-&!@[#6]1-&@[#6]-&@[#6]-&@[#7](-&@[#6]-&@[#6]-&@1)-&!@[#6],0.3807253837585449,0.612725844461901
CHEMBL5131534,17,26.647058823529413,[#6]-&!@[#6]1:&@[#6](-&!@[#6]):&@[#7]:&@[#6]2:&@[#6]:&@1:&@[#6]:&@[#6](:&@[#6]:&@[#6]:&@2)-&!@[#6]1-&@[#6]-&@[#6]-&@[#7]-&@[#6]-&@[#6]-&@1,1.8704063892364502,0.6379690949227372
CHEMBL5131564,23,26.615384615384617,[#7]-&!@[#6]1:&@[#7]:&@[#6]:&@[#7]:&@[#6]2:&@[#6]:&@1:&@[#6](-&!@[#6]1:&@[#6]:&@[#6]:&@[#6]:&@[#6]:&@[#6]:&@1):&@[#6]:&@[#7]:&@2-&!@[#6]1-&@[#6]-&@[#6]-&@[#6](-&@[#6]-&@[#6]-&@1)-&!@[#7],0.21919703483581543,0.8641618497109826
CHEMBL5137027,25,28.775,[#6]-&!@[#6]1:&@[#6]:&@[#6](:&@[#7]:&@[#7]:&@1)-&!@[#7]-&!@[#6]1:&@[#7]:&@[#6](-&!@[#7]-&!@[#6]-&!@[#6]2:&@[#6]:&@[#6]:&@[#6]:&@[#6]:&@[#6]:&@2):&@[#7]:&@[#6]2:&@[#6]:&@1:&@[#6]:&@[#6]:&@[#6]:&@[#6]:&@2,0.2654430866241455,0.8688097306689835
CHEMBL5137088,28,34.369565217391305,[#6]-&!@[#6]-&!@[#6](-&!@[#6]-&!@[#6])-&!@[#8]-&!@[#6]1-&@[#6]=&@[#6](-&!@[#6](=&!@[#8])-&!@[#8])-&@[#6]-&@[#6](-&@[#6]-&@1-&!@[#7]-&!@[#6](-&!@[#6])=&!@[#8])-&!@[#7]-&!@[#6]-&!@[#6]1:&@[#6]:&@[#6]:&@[#6](:&@[#6]:&@[#6]:&@1)-&!@[#6],0.02880239486694336,0.814674256799494
CHEMBL5137114,24,30.575,[#6]-&!@[#7]1-&@[#6]-&@[#6](=&!@[#8])-&@[#7](-&@[#6]2:&@[#6]-&@1:&@[#7]:&@[#6](:&@[#7]:&@[#6]:&@2)-&!@[#7]-&!@[#6]1:&@[#6]:&@[#6]:&@[#6](:&@[#6]:&@[#6]:&@1)-&!@[#16](-&!@[#7])(=&!@[#8])=&!@[#8])-&!@[#6],0.006527423858642578,0.7849550286181521
CHEMBL5149992,23,35.02439024390244,[#6]1-&@[#6]-&@[#6](-&@[#7](-&@[#6]-&@1)-&!@[#6])-&!@[#6]1:&@[#7]:&@[#6]2:&@[#6]:&@[#6]:&@[#6]:&@[#6]:&@[#6]:&@2:&@[#6](:&@[#7]:&@1-&!@[#6]1:&@[#6]:&@[#6]:&@[#6]:&@[#6]:&@[#6]:&@1)=&!@[#8],29.70219111442566,0.6566852367688022
CHEMBL5150063,34,42.4390243902439,[#6]-&!@[#6]1:&@[#6]:&@[#6]:&@[#6](:&@[#6](:&@[#6]:&@1)-&!@[#17])-&!@[#6]-&!@[#7]1-&@[#6]-&@[#6]-&@[#6](-&@[#6]-&@[#6]-&@1)(-&!@[#8])-&!@[#6]-&!@[#7]1:&@[#6]:&@[#7]:&@[#6]2:&@[#6](:&@[#6]:&@1=&!@[#8]):&@[#7]:&@[#7](:&@[#6]:&@2-&!@[#6]1:&@[#6]:&@[#6]:&@[#6]:&@[#6]:&@[#6]:&@1)-&!@[#6],30.013025522232056,0.8011494252873563
CHEMBL5150075,21,29.037735849056602,[#6]1:&@[#6]:&@[#6]:&@[#6](:&@[#6]:&@[#6]:&@1)-&!@[#16](=&!@[#8])(=&!@[#8])-&!@[#7]-&!@[#6]1:&@[#6]:&@[#6]:&@[#6]:&@[#6](:&@[#6]:&@1)-&!@[#6](=&!@[#8])-&!@[#7]-&!@[#6]-&!@[#6],2.6053497791290283,0.723196881091618
CHEMBL5150076,28,33.09756097560975,[#6]-&!@[#6](-&!@[#6]1:&@[#6]:&@[#7](:&@[#7]:&@[#7]:&@1)-&!@[#6]1:&@[#6]:&@[#6]:&@[#6]:&@[#6]:&@[#6]:&@1)-&!@[#6](-&!@[#8])(-&!@[#6]-&!@[#7]1:&@[#6]:&@[#7]:&@[#6]:&@[#7]:&@1)-&!@[#6]1:&@[#6]:&@[#6]:&@[#6]:&@[#6]:&@[#6]:&@1-&!@[#9],6.832180738449097,0.8459837877671335
CHEMBL5154644,26,36.22222222222222,[#6]-&!@[#6]-&!@[#7]1-&@[#6]-&@[#6]2:&@[#6](-&@[#6]-&@1=&!@[#8]):&@[#6]:&@[#6]:&@[#6](:&@[#6]:&@2)-&!@[#6]1:&@[#6]:&@[#6]:&@[#7]2:&@[#6](:&@[#7]:&@1):&@[#6](:&@[#6](:&@[#7]:&@2)-&!@[#7])-&!@[#6](=&!@[#8])-&!@[#7]-&!@[#6],30.177306413650513,0.7177914110429447
CHEMBL5154646,9,14.26865671641791,[#6]-&!@[#7]1:&@[#6]:&@[#6]:&@[#7]:&@[#6]:&@1-&!@[#6](=&!@[#8])-&!@[#8],0.006540536880493164,0.6307531380753139
CHEMBL5154759,16,20.6875,[#8]=&!@[#6](-&!@[#7]-&!@[#7]-&!@[#6]1:&@[#6]:&@[#6]:&@[#6]:&@[#6]:&@[#6]:&@1)-&!@[#6]1:&@[#6]:&@[#6]:&@[#6]:&@[#6]:&@[#6]:&@1,0.004857301712036133,0.7734138972809668
CHEMBL5154799,19,28.86,[#6]-&!@[#8]-&!@[#6]1:&@[#6]:&@[#6]:&@[#6](:&@[#6](:&@[#6]:&@1)-&!@[#7]-&!@[#6](=&!@[#8])-&!@[#6])-&!@[#6]-&!@[#6]1:&@[#6]:&@[#6]:&@[#6]:&@[#6]:&@[#6]:&@1,0.8035345077514648,0.6583506583506583
CHEMBL5154841,17,23.76923076923077,[#8]=&!@[#6](-&!@[#6]-&!@[#8]-&!@[#6]1:&@[#6]:&@[#6]:&@[#6]:&@[#6]:&@[#6]:&@1)-&!@[#7]-&!@[#6]1:&@[#6]:&@[#6]:&@[#6]:&@[#6]:&@[#6]:&@1,0.10749983787536621,0.715210355987055
CHEMBL5154906,11,16.90909090909091,[#6]1:&@[#6]:&@[#7](:&@[#7]:&@[#7]:&@1)-&!@[#6]1:&@[#6]:&@[#6]:&@[#6]:&@[#6]:&@[#6]:&@1,0.0056345462799072266,0.6505376344086021
CHEMBL5154911,24,33.983333333333334,[#6]1:&@[#6](-&!@[#8]-&!@[#6]):&@[#6]:&@[#6]:&@[#6]2:&@[#6]:&@1:&@[#6]:&@[#7]1:&@[#6](:&@[#6]:&@2)-&@[#6]2:&@[#6]:&@[#6](:&@[#6](:&@[#6]:&@[#6]:&@2-&@[#6]-&@[#6]-&@1)-&!@[#8]-&!@[#6])-&!@[#8]-&!@[#6],22.120067596435547,0.7062285434036292
CHEMBL5154929,26,36.51219512195122,[#6]-&!@[#6]-&!@[#7]1:&@[#6]2:&@[#6](:&@[#6]3:&@[#6]:&@1:&@[#6]:&@[#6]:&@[#6]:&@[#6]:&@3)-&@[#6](=&!@[#8])-&@[#6]1:&@[#6](-&@[#6]-&@2=&!@[#8]):&@[#6]2:&@[#6]:&@[#6]:&@[#6]:&@[#6]:&@[#6]:&@2:&@[#7](:&@[#6]:&@1)-&!@[#8],0.013515472412109375,0.7120908483633934
CHEMBL5241130,17,23.666666666666668,[#6]1:&@[#6]:&@[#6]:&@[#6](:&@[#6]:&@[#6]:&@1)-&!@[#8]-&!@[#6]1:&@[#6]:&@[#6]:&@[#7]:&@[#6]2:&@[#6]:&@1:&@[#6]:&@[#6]:&@[#6]:&@[#6]:&@2,0.004259824752807617,0.7183098591549295
CHEMBL5247655,15,24.65,[#6]-&!@[#8]-&!@[#6]1:&@[#6]:&@[#6]2:&@[#6](:&@[#6]:&@[#6]:&@1-&!@[#8]-&!@[#6])-&@[#6]-&@[#7](-&@[#6]-&@[#6]-&@2)-&!@[#6],0.012502193450927734,0.6085192697768763
CHEMBL5252515,16,26.096774193548388,"[#6]-&!@[#6]-&!@[#8]-&!@[#6]1:&@[#7]:&@[#6](-&!@[#7]):&@[#6]2:&@[#6](:&@[#7]:&@1):&@[#7](:&@[#6](:&@[#7]:&@2)=,-;!@[#8])-&!@[#6]-&!@[#6]",0.20148873329162598,0.6131025957972805
CHEMBL5257080,23,37.31707317073171,[#6]-&!@[#7]1-&@[#6]-&@[#6]-&@[#6](-&@[#6]-&@[#6]-&@1)-&!@[#8]-&!@[#6]1:&@[#6]:&@[#6]:&@[#6](:&@[#6]:&@[#6]:&@1)-&!@[#7]1-&@[#6]-&@[#6]-&@[#6]-&@[#6]-&@1-&!@[#6]-&!@[#6](=&!@[#8])-&!@[#8],30.40939688682556,0.6163398692810457
CHEMBL5316293,24,32.8,[#6]-&!@[#6]1:&@[#6](-&!@[#6]2:&@[#6]:&@[#6]:&@[#6]:&@[#6]:&@[#6]:&@2):&@[#6]:&@[#6]:&@[#6]:&@[#6]:&@1-&!@[#7]1-&@[#6](=&!@[#8])-&@[#6]2:&@[#6](-&@[#6]-&@1=&!@[#8]):&@[#6]:&@[#6]:&@[#6]:&@[#6]:&@2,30.08013939857483,0.7317073170731708
CHEMBL5316297,22,28.583333333333332,[#6]-&!@[#8]-&!@[#6](=&!@[#8])-&!@[#6]1=&@[#6](-&!@[#6])-&@[#7]-&@[#6](=&@[#6](-&@[#6]-&@1-&!@[#6]1:&@[#6]:&@[#6]:&@[#6]:&@[#6]:&@[#6]:&@1)-&!@[#6](=&!@[#8])-&!@[#8]-&!@[#6])-&!@[#6],0.11380696296691895,0.7696793002915452
CHEMBL5316317,21,33.44615384615385,"[#6]-&!@[#6]1:&@[#7]:&@[#6](:&@[#6]:&@[#6]:&@1)-&!@[#6](=&!@[#8])-&!@[#7]-,=;!@[#6]1:&@[#7]:&@[#6]2:&@[#6](:&@[#16]:&@1):&@[#6]:&@[#6](:&@[#6]:&@[#6]:&@2)-&!@[#6](=&!@[#8])-&!@[#8]",0.93878173828125,0.6278748850045998
CHEMBL5316327,18,29.872340425531913,[#6](-&!@[#7]-&!@[#6]1:&@[#6]:&@[#6]:&@[#6]:&@[#6]2:&@[#6]:&@1:&@[#7]:&@[#6]:&@[#6]:&@[#6]:&@2)-&!@[#6]1:&@[#6]:&@[#7]:&@[#6]:&@[#6]:&@[#7]:&@1,0.011897563934326172,0.6025641025641026
CHEMBL5321275,28,38.224489795918366,[#6]1:&@[#6]:&@[#6]:&@[#6](:&@[#6]:&@[#6]:&@1)-&!@[#6]1:&@[#7]:&@[#6]2:&@[#6](:&@[#7]:&@1-&!@[#6]):&@[#6]:&@[#6]:&@[#6](:&@[#6]:&@2)-&!@[#7]-&!@[#6]1:&@[#7]:&@[#7]:&@[#6](:&@[#16]:&@1)-&!@[#6]1:&@[#6]:&@[#6]:&@[#6]:&@[#6]:&@[#6]:&@1,30.068391799926758,0.7325146823278164
CHEMBL5325414,16,18.483870967741936,[#8]=&!@[#6]1:&@[#6]:&@[#6]:&@[#8]:&@[#6](:&@[#6]:&@1-&!@[#8])-&!@[#6]=&!@[#6]-&!@[#6]1:&@[#6]:&@[#6]:&@[#6]:&@[#6]:&@[#6]:&@1,0.0022492408752441406,0.8656195462478184
CHEMBL5325476,33,40.84615384615385,[#6]-&!@[#8]-&!@[#6]1:&@[#6]:&@[#6]2:&@[#6](-&!@[#8]-&!@[#6]3:&@[#6]:&@[#6]:&@[#6](:&@[#6]:&@[#6]:&@3)-&!@[#7]-&!@[#6](=&!@[#8])-&!@[#7]-&!@[#6]):&@[#7]:&@[#6]:&@[#7]:&@[#6]:&@2:&@[#6]:&@[#6]:&@1-&!@[#8]-&!@[#6]-&!@[#6]-&!@[#6]-&!@[#7]1-&@[#6]-&@[#6]-&@[#6]-&@[#6]-&@1,10.797332525253296,0.807909604519774
CHEMBL5329160,39,42.28947368421053,[#6]-&!@[#8]-&!@[#6]1:&@[#6]:&@[#6]:&@[#6](:&@[#6]:&@[#6]:&@1)-&!@[#7](-&!@[#6])-&!@[#6](=&!@[#8])-&!@[#6](-&!@[#6]-&!@[#6]1:&@[#6]:&@[#6]:&@[#6]:&@[#6]:&@[#6]:&@1)-&!@[#7]-&!@[#6](=&!@[#8])-&!@[#6]-&!@[#7]1-&@[#6]-&@[#6]-&@[#7](-&@[#6]-&@[#6]-&@1=&!@[#8])-&!@[#6](=&!@[#8])-&!@[#6]1:&@[#6]:&@[#6]:&@[#6]:&@[#6]:&@[#6]:&@1,0.013040304183959961,0.9222153080273802
CHEMBL5329199,33,40.12903225806452,"[#6]=,-,#;!@[#6]-&!@[#6](=&!@[#8])-&!@[#7]1-&@[#6]-&@[#6]-&@[#6]-&@[#6](-&@[#6]-&@1)-&!@[#7]1:&@[#7]:&@[#6](:&@[#6]2:&@[#6]:&@1:&@[#7]:&@[#6]:&@[#7]:&@[#6]:&@2-&!@[#7])-&!@[#6]1:&@[#6]:&@[#6]:&@[#6](:&@[#6]2:&@[#6]:&@1-&@[#8]-&@[#6]-&@[#8]-&@2)-&!@[#7]-&!@[#6](=&!@[#8])-&!@[#6]",30.13699746131897,0.8223472668810289
CHEMBL5331145,27,35.59375,[#6]1:&@[#6]:&@[#7](:&@[#6]:&@[#7]:&@1)-&!@[#6]1=&@[#6]-&@[#6]-&@[#6]2-&@[#6]-&@1(-&@[#6]-&@[#6]-&@[#6]1-&@[#6]-&@2-&@[#6]-&@[#6]=&@[#6]2-&@[#6]-&@1(-&@[#6]-&@[#6]-&@[#6](-&@[#6]-&@2)-&!@[#7]-&!@[#6]=&!@[#8])-&!@[#6])-&!@[#6],30.280295848846436,0.7585601404741001
CHEMBL5338780,25,34.02173913043478,[#7]-&!@[#6]1:&@[#6]:&@[#6]:&@[#6]:&@[#6]:&@[#6]:&@1-&!@[#7]-&!@[#6](=&!@[#8])-&!@[#6]1:&@[#6]:&@[#6]:&@[#6](:&@[#6]:&@[#6]:&@1)-&!@[#6]-&!@[#7]1:&@[#7]:&@[#6](-&!@[#6]):&@[#6]:&@[#6]:&@[#6]:&@1=&!@[#8],25.97846508026123,0.7348242811501597
CHEMBL5338795,25,36.131147540983605,[#8]-&!@[#6](-&!@[#6]-&!@[#7]1-&@[#6]-&@[#6]-&@[#7](-&@[#6]-&@[#6]-&@1)-&!@[#6]-&!@[#6])(-&!@[#6]-&!@[#7]1:&@[#6]:&@[#7]:&@[#6]:&@[#7]:&@1)-&!@[#6]1:&@[#6]:&@[#6]:&@[#6](:&@[#6]:&@[#6]:&@1-&!@[#9])-&!@[#9],3.5595569610595703,0.691923774954628
CHEMBL5346907,15,20.857142857142858,[#6]1:&@[#6]:&@[#6]:&@[#6](:&@[#6]:&@[#6]:&@1)-&!@[#6]1:&@[#6]:&@[#7]:&@[#6]2:&@[#6](:&@[#6]:&@1):&@[#6]:&@[#6]:&@[#7]:&@2,0.008416414260864258,0.7191780821917808
CHEMBL5346925,18,24.6,[#8]=&!@[#16]1(=&!@[#8])-&@[#7]-&@[#6]-&@[#6]2:&@[#6](-&@[#8]-&@1):&@[#6](:&@[#6]:&@[#6]:&@[#6]:&@2)-&!@[#6]1:&@[#6]:&@[#6]:&@[#6]:&@[#6]:&@[#6]:&@1,0.0066874027252197266,0.7317073170731707
CHEMBL5346927,25,36.53846153846154,[#6]-&!@[#7]-&!@[#6](=&!@[#8])-&!@[#6]1:&@[#6]:&@[#6](-&!@[#6]2:&@[#6]:&@[#6]:&@[#6]:&@[#6]:&@[#6]:&@2):&@[#7]:&@[#6]2:&@[#6]:&@1:&@[#6]:&@[#7]:&@[#7]:&@2-&!@[#6]1:&@[#6]:&@[#6]:&@[#6]:&@[#6]:&@[#6]:&@1,26.274049520492554,0.6842105263157895
CHEMBL5352388,24,35.28260869565217,[#6]1:&@[#6]:&@[#6]:&@[#6](:&@[#6]:&@[#6]:&@1)-&!@[#6]1:&@[#6]:&@[#6]2:&@[#7]:&@[#6]:&@[#6](:&@[#6]:&@2:&@[#6]:&@[#6]:&@1-&!@[#6]1:&@[#6]:&@[#6]:&@[#6]:&@[#6]:&@[#6]:&@1)-&!@[#6](=&!@[#8])-&!@[#7],30.18357229232788,0.6802218114602588
CHEMBL5356958,21,33.26315789473684,[#6]-&!@[#6]-&!@[#6]1:&@[#7]:&@[#6](:&@[#7](:&@[#7]:&@1)-&!@[#6]1:&@[#6]:&@[#6]:&@[#6]:&@[#6](:&@[#6]:&@1)-&!@[#6](=&!@[#8])-&!@[#7]-&!@[#6]-&!@[#6]-&!@[#6]-&!@[#6])-&!@[#6],1.1535725593566895,0.6313291139240507
CHEMBL5360536,29,40.55555555555556,[#6]-&!@[#6]-&!@[#6]1-&@[#6](=&!@[#8])-&@[#7](-&!@[#6])-&@[#6]2:&@[#6](-&@[#7]-&@1-&!@[#6]1-&@[#6]-&@[#6]-&@[#6]-&@[#6]-&@1):&@[#7]:&@[#6](:&@[#7]:&@[#6]:&@2)-&!@[#7]-&!@[#6]1:&@[#6]:&@[#6]:&@[#6](:&@[#6]:&@[#6]:&@1-&!@[#8]-&!@[#6])-&!@[#6],30.29378342628479,0.7150684931506849
CHEMBL5360644,28,36.046875,"[#8]=&!@[#6](-&!@[#8])-&!@[#6]-&!@[#6]-&!@[#7]-&!@[#6](=&!@[#16])-&!@[#7]-&!@[#6]-&!@[#6]-&!@[#6]-&!@[#7]-&!@[#6]1:&@[#7]:&@[#6](-&!@[#7]-&!@[#6]2:&@[#6]:&@[#6]:&@[#6]:&@[#6]:&@[#6]:&@2):&@[#7]:&@[#6]:&@[#6]:&@1-&!@[#6]-,=;!@[#8]",0.026973724365234375,0.7767663632423061
CHEMBL5365437,27,39.333333333333336,"[#16](=&!@[#8])(=&!@[#8])-&!@[#7]=,-;!@[#6](-,=;!@[#7]=,-;!@[#6](-&!@[#7])-,=;!@[#7])-&!@[#7]1-&@[#6]-&@[#6](-&@[#6](=&@[#7]-&@1)-&!@[#6]1:&@[#6]:&@[#6]:&@[#6](:&@[#6]:&@[#6]:&@1)-&!@[#17])-&!@[#6]1:&@[#6]:&@[#6]:&@[#6]:&@[#6]:&@[#6]:&@1",0.04509162902832031,0.6864406779661016
CHEMBL5365493,23,34.0,[#6]12-&@[#6]-&@[#6]3-&@[#6]-&@[#6](-&@[#6]-&@1)-&@[#6]-&@[#6](-&@[#6]-&@2)(-&@[#6]-&@3)-&!@[#7]-&!@[#6]-&!@[#6](=&!@[#8])-&!@[#7]1-&@[#6]-&@[#6]2:&@[#6](-&@[#6]-&@1):&@[#6]:&@[#6]:&@[#6]:&@[#6]:&@2,0.8476564884185791,0.6764705882352942
CHEMBL5370623,29,33.67567567567568,[#8]=&!@[#6]1-&@[#6]-&@[#7](-&!@[#6](=&!@[#8])-&!@[#6]2:&@[#6]:&@[#6](-&!@[#6]-&!@[#7]3:&@[#6](=&!@[#8]):&@[#7]:&@[#6](:&@[#6]4:&@[#6]:&@3:&@[#6]:&@[#6]:&@[#6]:&@[#6]:&@4)=&!@[#8]):&@[#6]:&@[#6]:&@[#6]:&@2-&!@[#9])-&@[#6]-&@[#6]-&@[#7]-&@1,0.009449481964111328,0.8611556982343499
CHEMBL5370626,27,31.714285714285715,[#8]=&!@[#6](-&!@[#6]-&!@[#6]1:&@[#6]:&@[#6]:&@[#6]:&@[#6]:&@[#6]:&@1)-&!@[#7]-&!@[#6]1:&@[#7]:&@[#7]:&@[#6](:&@[#16]:&@1)-&!@[#7]-&!@[#6]1-&@[#6]-&@[#6]-&@[#7](-&@[#6]-&@1)-&!@[#6]1:&@[#6]:&@[#6]:&@[#6]:&@[#7]:&@[#7]:&@1,0.016648054122924805,0.8513513513513513
CHEMBL5370659,21,32.93150684931507,[#6]-&!@[#6]-&!@[#7]1:&@[#6](=&!@[#8]):&@[#7]:&@[#6](:&@[#6]2:&@[#6]:&@1:&@[#7]:&@[#6](:&@[#7]:&@2-&!@[#6]-&!@[#6])-&!@[#6]-&!@[#6]1:&@[#6]:&@[#7]:&@[#6]:&@[#7]:&@1)=&!@[#8],22.564449310302734,0.6376871880199667
CHEMBL5375974,22,29.914285714285715,[#6]-&!@[#7]-&!@[#6](=&!@[#8])-&!@[#6]1:&@[#6]:&@[#7]:&@[#6]2:&@[#6](:&@[#6]:&@1-&!@[#7]-&!@[#6]1-&@[#6]-&@[#6]-&@[#7](-&@[#6]-&@[#6]-&@1)-&!@[#6]-&!@[#6]):&@[#6]:&@[#6]:&@[#7]:&@2,9.486714839935303,0.7354345749761223
CHEMBL5375975,22,36.06666666666667,[#6]1:&@[#7]:&@[#6]2:&@[#6](:&@[#16]:&@1):&@[#6]:&@[#6](:&@[#6]:&@[#6]:&@2)-&!@[#6]1:&@[#7]:&@[#6](-&!@[#7]-&!@[#6]2:&@[#6]:&@[#6]:&@[#6]:&@[#6]:&@[#7]:&@2):&@[#7]:&@[#6]:&@[#6]:&@1,4.926768779754639,0.609981515711645
CHEMBL5375985,26,41.86666666666667,"[#6]-&!@[#8]-&!@[#6]1:&@[#6]:&@[#6](-&!@[#6]-,=;!@[#8]):&@[#6]:&@[#6]:&@[#6]:&@1-&!@[#7]-&!@[#6](=&!@[#8])-&!@[#6]1-&@[#7]-&@[#6](-&@[#6]-&@[#6]-&@1-&!@[#6]1:&@[#6]:&@[#6]:&@[#6]:&@[#6]:&@[#6]:&@1)-&!@[#6]-&!@[#6]",24.35792303085327,0.6210191082802548
CHEMBL5375989,17,24.78688524590164,"[#6]-&!@[#7]1:&@[#6]:&@[#7](:&@[#6]2:&@[#6]:&@1-,:;@[#6](=,-;!@[#8])-,:;@[#6]1:&@[#6](-,:;@[#6]-,:;@2=,-;!@[#8]):,-;@[#6]:,-;@[#6]:,=;@[#6]:,-;@[#6]:,-;@1)-&!@[#6]",0.3998286724090576,0.6858465608465608
CHEMBL5376004,21,30.026315789473685,[#6]1:&@[#6]:&@[#6]:&@[#6]:&@[#6](:&@[#6]:&@1)-&!@[#7]-&!@[#6](=&!@[#8])-&!@[#7]-&!@[#6]1:&@[#6]:&@[#6]:&@[#6]2:&@[#6](:&@[#6]:&@1):&@[#6](:&@[#7]:&@[#6]:&@[#7]:&@2)=&!@[#8],0.08894991874694824,0.6993865030674846
CHEMBL5380778,25,40.56603773584906,[#6]-&!@[#6]12-&@[#6]-&@[#6]3-&@[#6]-&@[#6](-&@[#6]-&@1)(-&!@[#6])-&@[#6]-&@[#6](-&@[#6]-&@2)(-&@[#6]-&@3)-&!@[#7]-&!@[#6](=&!@[#8])-&!@[#7]-&!@[#6]1:&@[#6]:&@[#6]:&@[#6](:&@[#6]:&@[#6]:&@1-&!@[#9])-&!@[#6]-&!@[#7],30.312596321105957,0.6162790697674418
CHEMBL5380788,22,35.275,[#6]-&!@[#6]1-&@[#6]-&@[#6]2:&@[#6](-&@[#6](-&@[#7]-&@1-&!@[#6]-&!@[#6])-&!@[#6]1:&@[#6]:&@[#6]:&@[#6]:&@[#6]:&@[#6]:&@1):&@[#7]:&@[#6]1:&@[#6]:&@2:&@[#6]:&@[#6]:&@[#6]:&@[#6]:&@1,30.239556312561035,0.6236711552090716
CHEMBL5380792,25,39.666666666666664,[#6]-&!@[#6]1:&@[#6]:&@[#6](:&@[#7]:&@[#7]:&@1)-&!@[#7]-&!@[#6]1:&@[#7]:&@[#6](-&!@[#7]-&!@[#6]-&!@[#6]2:&@[#6]:&@[#6]:&@[#6]:&@[#6]:&@[#6]:&@2):&@[#7]:&@[#6]2:&@[#6]:&@1:&@[#6]:&@[#7]:&@[#7]:&@2-&!@[#6],30.291491270065308,0.6302521008403362
CHEMBL5380795,55,72.46341463414635,[#6]-&!@[#6]-&!@[#6]-&!@[#6](=&!@[#8])-&!@[#7]-&!@[#6](-&!@[#6]-&!@[#6])-&!@[#6](=&!@[#8])-&!@[#7]-&!@[#6]1-&@[#6]-&@[#6]-&@[#7]-&@[#6](=&!@[#8])-&@[#6](-&!@[#6])-&@[#7]-&@[#6](=&!@[#8])-&@[#6](-&!@[#6]-&!@[#6]-&!@[#7])-&@[#7]-&@[#6](=&!@[#8])-&@[#6](-&@[#7]-&@[#6](-&@[#6](-&@[#7]-&@[#6](-&@[#6](-&@[#7]-&@[#6](-&@[#6](-&@[#7]-&@[#6]-&@1=&!@[#8])-&!@[#6]-&!@[#6])=&!@[#8])-&!@[#6]-&!@[#6])=&!@[#8])-&!@[#6]-&!@[#6])=&!@[#8])-&!@[#6]-&!@[#6]-&!@[#7],31.050963640213013,0.7590037024570851
CHEMBL5380819,24,31.0,[#8]=&!@[#6](-&!@[#7])-&!@[#6]1:&@[#6]:&@[#6]:&@[#6](:&@[#6]:&@[#6]:&@1)-&!@[#6]-&!@[#7]-&!@[#6](=&!@[#8])-&!@[#6]1:&@[#6]:&@[#7]:&@[#7](:&@[#7]:&@1)-&!@[#6]1:&@[#6]:&@[#6]:&@[#6]:&@[#6]:&@[#6]:&@1,0.5894510746002197,0.7741935483870968
CHEMBL5380853,27,37.604651162790695,[#6]-&!@[#6](=&!@[#8])-&!@[#7]-&!@[#6]1:&@[#6]:&@[#6]:&@[#6](:&@[#6](:&@[#6]:&@1)-&!@[#8]-&!@[#6]-&!@[#6]1:&@[#6]:&@[#6](-&!@[#8]-&!@[#6]):&@[#6]:&@[#6]:&@[#6]:&@1-&!@[#8]-&!@[#6])-&!@[#7]-&!@[#16](-&!@[#6])(=&!@[#8])=&!@[#8],7.435384511947632,0.7179962894248609
CHEMBL5380860,26,38.981818181818184,"[#6]=,-;!@[#6]-&!@[#6](=&!@[#8])-&!@[#7]-&!@[#6]1:&@[#6]:&@[#6]:&@[#6]:&@[#6](:&@[#6]:&@1)-&!@[#7]-&!@[#6]1:&@[#7]:&@[#6](-&!@[#7]-&!@[#6]2:&@[#6]:&@[#6]:&@[#6](:&@[#6]:&@[#6]:&@2)-&!@[#7]):&@[#7]:&@[#6]:&@[#6]:&@1",30.28156876564026,0.6669776119402985
CHEMBL5385846,24,34.53968253968254,[#6]1:&@[#6](-&!@[#8]-&!@[#6]):&@[#6]:&@[#6]:&@[#6]2:&@[#6]:&@1:&@[#6]:&@[#7]1:&@[#6](:&@[#6]:&@2)-&@[#6]2:&@[#6]:&@[#6](:&@[#6](:&@[#6]:&@[#6]:&@2-&@[#6]-&@[#6]-&@1)-&!@[#8]-&!@[#6])-&!@[#8]-&!@[#6],16.306809902191162,0.6948529411764707
CHEMBL5385895,21,25.90909090909091,[#7]-&!@[#6](=&!@[#8])-&!@[#7]-&!@[#6]1:&@[#7]:&@[#8]:&@[#7]:&@[#6]:&@1-&!@[#6](=&!@[#7]-&!@[#8])-&!@[#7]-&!@[#6]1:&@[#6]:&@[#6]:&@[#6](:&@[#6](:&@[#6]:&@1)-&!@[#35])-&!@[#9],0.004317522048950195,0.8105263157894737
CHEMBL5500378,27,33.775,[#8]=&!@[#6](-&!@[#7]-&!@[#6]1:&@[#6]:&@[#7]:&@[#6]2:&@[#6](:&@[#6]:&@1-&!@[#7]1-&@[#6]-&@[#6]-&@[#7](-&@[#6]-&@[#6]-&@1)-&!@[#6]-&!@[#6]1:&@[#6]:&@[#6]:&@[#6]:&@[#6]:&@[#6]:&@1):&@[#6]:&@[#6]:&@[#6]:&@[#6]:&@2)-&!@[#6],0.010670185089111328,0.7994078460399704
CHEMBL5500423,20,30.557142857142857,[#7]#&!@[#6]-&!@[#6]1:&@[#6]:&@[#7]:&@[#7]2:&@[#6]:&@1:&@[#7]:&@[#6](:&@[#6]:&@[#6]:&@2-&!@[#7]-&!@[#6])-&!@[#7]-&!@[#6]1:&@[#6]:&@[#6]:&@[#6]:&@[#6]:&@[#6]:&@1,2.1377768516540527,0.6545114539504442
CHEMBL5500428,19,27.434782608695652,[#6]-&!@[#7]1:&@[#6](=&!@[#8]):&@[#7](:&@[#6]2:&@[#6]:&@1:&@[#6]:&@[#7]:&@[#6](:&@[#6]:&@2)-&!@[#7]-&!@[#6]1:&@[#6]:&@[#6]:&@[#6]:&@[#6]:&@[#6]:&@1)-&!@[#6],3.3569514751434326,0.6925515055467512
CHEMBL5506004,20,30.129032258064516,[#7]-&!@[#6]1:&@[#7]:&@[#8]:&@[#7]:&@[#6]:&@1-&!@[#6]1:&@[#7]:&@[#6]2:&@[#6](:&@[#7]:&@1-&!@[#6]-&!@[#6](=&!@[#8])-&!@[#7]-&!@[#6]):&@[#6]:&@[#6]:&@[#6]:&@[#6]:&@2,3.0870234966278076,0.6638115631691649
CHEMBL5506055,25,32.095238095238095,[#6]=&!@[#6]1-&@[#6](=&!@[#8])-&@[#6]23-&@[#6](-&@[#6]-&@1-&@[#6]-&@[#6]-&@[#6]-&@2-&@[#6]12-&@[#6]=&@[#6]-&@[#6]-&@[#6](-&@[#6]-&@1-&@[#6](-&@[#6]-&@3(-&!@[#8])-&@[#8]-&@[#6]-&@2)-&!@[#8])(-&!@[#6])-&!@[#6])-&!@[#8],6.615303039550781,0.7789317507418397
CHEMBL5506074,21,30.48148148148148,[#6]1:&@[#6]:&@[#6]:&@[#6]2:&@[#6](:&@[#6]:&@1):&@[#7]:&@[#6]:&@[#6]:&@2-&!@[#6]-&!@[#6]-&!@[#6]1-&@[#7]-&@[#6]-&@[#6]-&@[#6]2:&@[#6]-&@1:&@[#6]:&@[#6]:&@[#6]:&@[#6]:&@2,30.06652569770813,0.6889428918590522
CHEMBL5512640,18,25.424242424242426,[#6]-&!@[#6]-&!@[#6]-&!@[#6]-&!@[#7]1-&@[#6](=&!@[#8])-&@[#6]-&@[#6](-&@[#6]-&@1=&!@[#8])=&!@[#6]-&!@[#6]1:&@[#6]:&@[#6]:&@[#6]:&@[#6]:&@[#6]:&@1,0.0041272640228271484,0.7079856972586412
CHEMBL5512694,16,22.72972972972973,[#6]-&!@[#6]1:&@[#6]:&@[#6](-&!@[#6]2:&@[#7]:&@[#6]:&@[#6]:&@[#7]:&@2-&!@[#6]-&!@[#6]):&@[#6]:&@[#7](:&@[#6]:&@1=&!@[#8])-&!@[#6],0.14898920059204102,0.703923900118906
CHEMBL5518181,67,101.3855421686747,"[#6]-&!@[#6]-&!@[#6](-&!@[#6])-&!@[#6](-&!@[#7]-&!@[#6](=&!@[#8])-&!@[#6](-&!@[#7]-&!@[#6](=&!@[#8])-&!@[#6](-&!@[#6])-&!@[#7]-&!@[#6](=&!@[#8])-&!@[#6](-&!@[#6])-&!@[#7]-&!@[#6](=&!@[#8])-&!@[#6](-&!@[#6])-&!@[#7]-&!@[#6](=&!@[#8])-&!@[#6](-&!@[#6])-&!@[#7]-&!@[#6](=&!@[#8])-&!@[#6](-&!@[#6])-&!@[#7]-&!@[#6](=&!@[#8])-&!@[#6](-&!@[#6])-&!@[#7]-&!@[#6](=&!@[#8])-&!@[#6](-&!@[#6])-&!@[#7]-&!@[#6](=&!@[#8])-&!@[#6]-&!@[#7]-&!@[#6](=&!@[#8])-&!@[#6](-&!@[#6])-&!@[#7]-&!@[#6](=&!@[#8])-&!@[#6](-&!@[#7])-&!@[#6])-&!@[#6])-&!@[#6](=&!@[#8])-&!@[#7]-&!@[#6](-&!@[#6])-&!@[#6]-,=;!@[#8]",30.768657207489014,0.6608437314319667
CHEMBL5518182,21,31.77777777777778,[#6]-&!@[#7]1:&@[#6](-&!@[#6]-&!@[#7]-&!@[#6](=&!@[#8])-&!@[#6]2:&@[#7]:&@[#6]:&@[#6]:&@[#7]:&@[#6]:&@2-&!@[#7]):&@[#7]:&@[#6]2:&@[#6]:&@1:&@[#6]:&@[#6]:&@[#6]:&@[#6]:&@2,0.6372768878936768,0.6608391608391608
CHEMBL5518238,21,33.68421052631579,[#6]-&!@[#6]1(-&!@[#6])-&@[#6](=&!@[#8])-&@[#7](-&@[#6](-&@[#7]-&@1-&!@[#6]-&!@[#6])=&!@[#8])-&!@[#6]1:&@[#6]:&@[#6]:&@[#6]:&@[#6](:&@[#6]:&@1)-&!@[#6](-&!@[#9])(-&!@[#9])-&!@[#9],0.6253976821899414,0.6234375000000001
CHEMBL5518249,23,31.48,[#6]-&!@[#7]-&!@[#6]1:&@[#7]:&@[#6]:&@[#6]:&@[#6](:&@[#7]:&@1)-&!@[#6]1:&@[#6]:&@[#16]:&@[#6](:&@[#6]:&@1)-&!@[#6](=&!@[#8])-&!@[#7]-&!@[#6]-&!@[#6]1:&@[#6]:&@[#6]:&@[#6]:&@[#6]:&@[#6]:&@1,0.6722702980041504,0.7306226175349428
CHEMBL5528066,22,31.88095238095238,[#6]-&!@[#7]-&!@[#6](=&!@[#8])-&!@[#6]1(-&!@[#6]#&!@[#7])-&@[#6]-&@[#6]2-&@[#6]3:&@[#6](-&@[#6]-&@1-&@[#6]1:&@[#6]-&@2:&@[#6]:&@[#6]:&@[#6]:&@[#6]:&@1):&@[#6]:&@[#6]:&@[#6]:&@[#6]:&@3,0.5943610668182373,0.690067214339059
CHEMBL5528082,20,27.392857142857142,[#6]-&!@[#8]-&!@[#6]1:&@[#6]:&@[#6](-&!@[#6](-&!@[#6])-&!@[#6]):&@[#6](:&@[#6]:&@[#6]:&@1)-&!@[#8]-&!@[#6]1:&@[#6]:&@[#7]:&@[#6](:&@[#7]:&@[#6]:&@1-&!@[#7])-&!@[#7],0.014331817626953125,0.7301173402868318
CHEMBL5528083,23,30.01818181818182,[#6]-&!@[#6]-&!@[#16]-&!@[#6]1:&@[#7]:&@[#6]:&@[#6]:&@[#6](:&@[#7]:&@1)-&!@[#7]-&!@[#6]1:&@[#6]:&@[#6]:&@[#6](:&@[#6]2:&@[#6]:&@1:&@[#6]:&@[#6]:&@[#6]:&@[#6]:&@2)-&!@[#6]1-&@[#6]-&@[#6]-&@1,0.0327754020690918,0.7662023016353725
CHEMBL5532679,27,31.97142857142857,[#6]1:&@[#6]:&@[#6]:&@[#6]2:&@[#6](:&@[#6]:&@1)-&@[#6]-&@[#6]-&@[#6]-&@[#6]1:&@[#7]-&@2:&@[#6](:&@[#7]:&@[#7]:&@1)-&!@[#6]1-&@[#6]-&@[#6]-&@[#6](-&@[#6]-&@[#6]-&@1)-&!@[#8]-&!@[#6]1:&@[#6]:&@[#6]:&@[#6]:&@[#6]:&@[#7]:&@1,3.0483851432800293,0.8445040214477212
CHEMBL5537184,20,32.64102564102564,"[#6]-&!@[#7]-&!@[#6](=&!@[#8])-&!@[#6]1:&@[#6]:&@[#6](-&!@[#7]-&!@[#6](-&!@[#6])-&!@[#6]2:&@[#6]:&@[#6]:&@[#6]:&@[#6]:&@[#6]:&@2):&@[#6]:&@[#7]:&@[#6]:&@1=,-;!@[#8]",0.2287280559539795,0.612725844461901
CHEMBL5543075,18,24.580645161290324,[#7]-&!@[#6]1:&@[#6]:&@[#6]:&@[#7]:&@[#6]2:&@[#6]:&@1:&@[#6]:&@[#6](:&@[#6]:&@[#6]:&@2)-&!@[#8]-&!@[#6]1:&@[#6]:&@[#6]:&@[#6]:&@[#6]:&@[#6]:&@1,3.942650556564331,0.732283464566929
CHEMBL5543095,23,26.032258064516128,[#7]#&!@[#6]-&!@[#6]1=&@[#6](-&!@[#7])-&@[#8]-&@[#6]2:&@[#6](-&@[#6]-&@1-&!@[#6]1:&@[#6]:&@[#6]:&@[#6]:&@[#6]:&@[#6]:&@1):&@[#6]:&@[#6]:&@[#6]1:&@[#6]:&@2:&@[#7]:&@[#6]:&@[#6]:&@[#6]:&@1,0.004095315933227539,0.8835192069392813
CHEMBL5543133,23,30.695652173913043,[#6]-&!@[#6]1:&@[#7]:&@[#7](:&@[#6]2:&@[#6]:&@1:&@[#6](:&@[#7]:&@[#6]:&@[#7]:&@2)-&!@[#7])-&!@[#6](-&!@[#6])-&!@[#6]1:&@[#7]:&@[#7](:&@[#6]2:&@[#6]:&@1:&@[#6]:&@[#6]:&@[#6]:&@[#6]:&@2)-&!@[#6],30.313292741775513,0.7492917847025495
CHEMBL5543141,19,26.784313725490197,[#6]-&!@[#6]1:&@[#6]:&@[#7]:&@[#6]:&@[#6](:&@[#6]:&@1)-&!@[#7]-&!@[#6](=&!@[#8])-&!@[#6](=&!@[#8])-&!@[#7]1-&@[#6]-&@[#6]-&@[#6]-&@[#6]-&@[#6]-&@1-&!@[#6],0.2355048656463623,0.7093704245973645
CHEMBL5543172,17,26.015384615384615,"[#6]=&!@[#6]1-&@[#6]-&@[#6]-&@[#6]-&@[#6]2(-&@[#6]-&@1-&@[#6]-&@[#6]1-&@[#6](-&@[#6](-&@[#8]-&@[#6]-&@1-&@[#6]-&@2)=&!@[#8])-,=;!@[#6])-&!@[#6]",0.1760704517364502,0.6534594914251922
CHEMBL5550204,20,28.029411764705884,[#7]-&!@[#6]1:&@[#7]:&@[#6]:&@[#7]:&@[#6]2:&@[#6]:&@1:&@[#6]:&@[#6](:&@[#6]:&@[#6]:&@2)-&!@[#6]1:&@[#6]:&@[#7]:&@[#6]2:&@[#6]:&@1:&@[#6]:&@[#6]:&@[#6]:&@[#7]:&@2,2.6592421531677246,0.7135362014690451
CHEMBL5576135,20,29.390243902439025,[#6]-&!@[#6]-&!@[#6]-&!@[#7]1:&@[#6]2:&@[#6]:&@[#6]:&@[#6]:&@[#6]:&@[#6]:&@2:&@[#6]2:&@[#6]:&@1:&@[#6]1:&@[#6]:&@[#6]:&@[#6]:&@[#6]:&@[#6]:&@1:&@[#6]:&@[#7]:&@2,1.5809171199798584,0.6804979253112033
CHEMBL5579850,29,41.59375,[#6]-&!@[#6]1:&@[#6](-&!@[#6]-&!@[#8]-&!@[#6]2:&@[#6]:&@[#6]:&@[#6](:&@[#6]:&@[#6]:&@2)-&!@[#6]-&!@[#7]-&!@[#6]):&@[#6]:&@[#6]:&@[#6]:&@[#6]:&@1-&!@[#6]1:&@[#6]:&@[#6]:&@[#6]:&@[#6]2:&@[#6]:&@1:&@[#16]:&@[#7]:&@[#6]:&@2-&!@[#7]-&!@[#6],27.376853942871094,0.6972201352366642
CHEMBL5579880,21,28.46875,[#6]-&!@[#6](-&!@[#8]-&!@[#6]1:&@[#6]:&@[#6]:&@[#6]2:&@[#6](:&@[#6]:&@1)-&@[#8]-&@[#6]-&@[#6]1:&@[#6]-&@2:&@[#6]:&@[#6](:&@[#6]:&@[#6]:&@1)-&!@[#6])-&!@[#6](-&!@[#7])=&!@[#8],0.004778146743774414,0.7376509330406147
CHEMBL5579887,20,33.0377358490566,"[#6]-&!@[#6]-&!@[#7]1:&@[#6](=&!@[#8]):&@[#6](-&!@[#6]#,-;!@[#7]):&@[#7]:&@[#7](:&@[#6]:&@1=&!@[#8])-&!@[#6]1:&@[#6]:&@[#6]:&@[#6](:&@[#6](:&@[#6]:&@1)-&!@[#6])-&!@[#6]",2.876814365386963,0.6053683609366077
CHEMBL5584338,29,41.15,[#7]-&!@[#6]1:&@[#6]:&@[#6]:&@[#6]:&@[#6](:&@[#6]:&@1)-&!@[#6]-&!@[#7]1:&@[#6]:&@[#7]:&@[#6]2:&@[#6]:&@1:&@[#6]:&@[#6](:&@[#6](:&@[#6]:&@2-&!@[#9])-&!@[#7]-&!@[#6]1:&@[#6]:&@[#6]:&@[#6]:&@[#6]:&@[#6]:&@1-&!@[#9])-&!@[#6](-&!@[#7])=&!@[#8],13.324652910232544,0.7047387606318348
CHEMBL5584341,20,32.1219512195122,[#6]-&!@[#7]-&!@[#6]1:&@[#7]:&@[#7]:&@[#6](:&@[#6]2:&@[#6]:&@1-&@[#6](-&@[#6])-&@[#6]-&@[#6]-&@[#6]-&@2)-&!@[#6]1:&@[#6]:&@[#6]:&@[#6]:&@[#6]:&@[#6]:&@1-&!@[#8],4.291181325912476,0.6226271829916477
CHEMBL5614401,16,25.054054054054053,"[#6]-&!@[#6]=,-;!@[#6]-&!@[#6]-&!@[#6]1:&@[#6]:&@[#6]:&@[#6]:&@[#6]2:&@[#6]:&@1-&@[#8]-&@[#6](-&@[#6]-&@[#6]-&@2=&!@[#8])-&!@[#6]",0.017751455307006836,0.6386192017259978
CHEMBL5614424,20,26.622222222222224,[#8]=&!@[#6]1-&@[#6](=&!@[#8])-&@[#6]2:&@[#6](-&@[#6]3:&@[#6]-&@1:&@[#6]:&@[#6]:&@[#6]:&@[#6]:&@3):&@[#8]:&@[#6]1:&@[#6]:&@2-&@[#6]-&@[#6]-&@[#7](-&@[#6]-&@1)-&!@[#6],5.6631598472595215,0.7512520868113522
CHEMBL5620426,16,26.266666666666666,[#6]-&!@[#7]-&!@[#6]1:&@[#6]:&@[#7]:&@[#7]:&@[#6]:&@1-&!@[#6]1:&@[#7]:&@[#6]2:&@[#6](:&@[#7]:&@1):&@[#6]:&@[#6]:&@[#6]:&@[#6]:&@2,0.33950114250183105,0.6091370558375635
CHEMBL5620430,23,33.96774193548387,"[#6]=,-;!@[#6]-&!@[#6](=&!@[#8])-&!@[#7]-&!@[#6]1:&@[#6]:&@[#6]:&@[#6]:&@[#6]:&@[#6]:&@1-&!@[#6]1:&@[#7]:&@[#7]:&@[#6]2:&@[#6]:&@1:&@[#6]:&@[#6](:&@[#6]:&@[#6]:&@2)-&!@[#8]-&!@[#6]-&!@[#6]",10.732856035232544,0.6771130104463438
CHEMBL5634102,26,34.5625,[#6]-&!@[#8]-&!@[#6]1:&@[#6]:&@[#6](-&!@[#6]2:&@[#6]:&@[#6]:&@[#7]3:&@[#6](:&@[#7]:&@2):&@[#6]:&@[#6](:&@[#7]:&@3)-&!@[#7]-&!@[#6]2:&@[#6]:&@[#6]:&@[#6]:&@[#6]:&@[#7]:&@2):&@[#6]:&@[#7]:&@[#6]:&@1-&!@[#8]-&!@[#6],4.240605354309082,0.7522603978300181
CHEMBL5634123,14,23.29032258064516,[#8]=&!@[#6](-&!@[#7]-&!@[#8])-&!@[#6]1:&@[#6]:&@[#6]:&@[#6]2:&@[#6](:&@[#6]:&@1):&@[#7]:&@[#6](:&@[#7]:&@2)-&!@[#6],0.10977411270141602,0.6011080332409973
CHEMBL5634124,22,32.875,[#6](=&!@[#8])-&!@[#6]1:&@[#6]:&@[#6]:&@[#6]2:&@[#6](:&@[#6]:&@1)-&@[#6](=&!@[#8])-&@[#6](-&@[#7]-&@2)=&!@[#6]1-&@[#6](=&!@[#8])-&@[#7]-&@[#6]2:&@[#6]-&@1:&@[#6]:&@[#6]:&@[#6]:&@[#6]:&@2,0.005374908447265625,0.6692015209125475
CHEMBL5634125,21,34.87234042553192,[#7]-&!@[#6]-&!@[#6]1-&@[#8]-&@[#6](-&@[#6](-&@[#6]-&@1-&!@[#8])-&!@[#8])-&!@[#7]1:&@[#6]:&@[#7]:&@[#6]2:&@[#6]:&@1:&@[#7]:&@[#6]:&@[#7]:&@[#6]:&@2-&!@[#7]-&!@[#6]-&!@[#6],13.829312801361084,0.6021964612568639
CHEMBL6071180,17,27.195652173913043,[#6]1:&@[#7]:&@[#7]:&@[#6](:&@[#6]:&@[#6]:&@1-&!@[#7]-&!@[#6]-&!@[#6])-&!@[#6]1:&@[#6]:&@[#7]:&@[#6](:&@[#7]:&@[#6]:&@1=&!@[#8])=&!@[#8],0.3757598400115967,0.6250999200639489
CHEMBL6074676,26,34.810344827586206,[#6]1:&@[#6]:&@[#6]:&@[#6](:&@[#6]:&@[#6]:&@1)-&!@[#6]1:&@[#7]:&@[#6]:&@[#6]2:&@[#6](:&@[#6]:&@1-&!@[#6]1:&@[#6]:&@[#6]:&@[#6](:&@[#6]:&@[#6]:&@1)-&!@[#6]#&!@[#7]):&@[#6]:&@[#6](:&@[#7]:&@2-&!@[#6])-&!@[#6]-&!@[#7],30.165632009506226,0.7469044081228331
CHEMBL6074715,27,38.054054054054056,[#8]=&!@[#6](-&!@[#7]-&!@[#6]1:&@[#6]:&@[#6](-&!@[#8]-&!@[#6]2:&@[#6]:&@[#6]:&@[#6](:&@[#6]:&@[#6]:&@2-&!@[#9])-&!@[#7]-&!@[#6](=&!@[#8])-&!@[#6]2:&@[#6]:&@[#7](:&@[#7]:&@[#7]:&@2)-&!@[#6]):&@[#6]:&@[#6]:&@[#7]:&@1)-&!@[#7],6.507490396499634,0.7095170454545454
CHEMBL6078687,27,38.76315789473684,[#6]-&!@[#6]-&!@[#6](-&!@[#6]-&!@[#6])-&!@[#8]-&!@[#6]1-&@[#6]=&@[#6](-&!@[#6](=&!@[#8])-&!@[#8])-&@[#6]-&@[#6](-&@[#6]-&@1-&!@[#7]-&!@[#6](-&!@[#6])=&!@[#8])-&!@[#7]-&!@[#6]-&!@[#6]1:&@[#6]:&@[#6]:&@[#6]:&@[#6]:&@[#6]:&@1,7.997802972793579,0.6965376782077393
CHEMBL6083240,21,29.076923076923077,[#6]-&!@[#7]-&!@[#6]-&!@[#6]-&!@[#6](-&!@[#8]-&!@[#6]1:&@[#6]:&@[#6]:&@[#6]:&@[#6]2:&@[#6]:&@1-&@[#8]-&@[#6]-&@[#8]-&@2)-&!@[#6]1:&@[#6]:&@[#6]:&@[#6]:&@[#6]:&@[#6]:&@1,0.006575345993041992,0.7222222222222222
CHEMBL6083282,23,32.60526315789474,"[#6]-&!@[#7]-&!@[#6](=&!@[#8])-&!@[#6]1:&@[#6]:&@[#6]:&@[#6](:&@[#6]:&@[#7]:&@1)-&!@[#7]1-&@[#6]-&@[#6]-&@[#7](-&@[#6]-&@[#6]-&@1)-&!@[#6]-&!@[#6]1:,-;@[#6]:,-;@[#6]:&@[#6]:,-;@[#6]:,=;@[#6]:,-;@1",9.343445777893066,0.7054075867635189
CHEMBL6087458,30,39.41025641025641,[#6]-&!@[#7](-&!@[#6](=&!@[#8])-&!@[#6]-&!@[#7])-&!@[#6]1:&@[#6]:&@[#6]:&@[#6](:&@[#6]:&@[#6]:&@1)-&!@[#7]-&!@[#6](=&!@[#6]1-&@[#6](=&!@[#8])-&@[#7]-&@[#6]2:&@[#6]-&@1:&@[#6]:&@[#6]:&@[#6]:&@[#6]:&@2)-&!@[#6]1:&@[#6]:&@[#6]:&@[#6]:&@[#6]:&@[#6]:&@1,0.027587890625,0.7612231620039037
CHEMBL6087459,22,30.24390243902439,[#6]-&!@[#6]-&!@[#6]1:&@[#7]:&@[#7](:&@[#6]2:&@[#6]:&@1:&@[#6](:&@[#7]:&@[#6](:&@[#7]:&@2)-&!@[#6])-&!@[#7]-&!@[#6]-&!@[#6]1:&@[#6]:&@[#6]:&@[#6](:&@[#6]:&@[#6]:&@1)-&!@[#9])-&!@[#6],0.48279476165771484,0.7274193548387097
CHEMBL6087473,25,31.451612903225808,[#6]-&!@[#8]-&!@[#6]1:&@[#6]:&@[#6](-&!@[#6]-&!@[#7]-&!@[#6]):&@[#7]:&@[#6](:&@[#7]:&@1)-&!@[#7]-&!@[#6]1:&@[#6]:&@[#6]:&@[#6]:&@[#6](:&@[#6]:&@1-&!@[#6])-&!@[#6]1:&@[#6]:&@[#6]:&@[#6]:&@[#6]:&@[#6]:&@1,0.11197185516357422,0.7948717948717948
CHEMBL6087484,16,26.25,[#8]=&!@[#16](=&!@[#8])(-&!@[#7]-&!@[#6]1:&@[#6]:&@[#6]:&@[#6]:&@[#6]:&@[#6]:&@1)-&!@[#6]1:&@[#6]:&@[#6]:&@[#6]:&@[#6]:&@[#6]:&@1,0.7618560791015625,0.6095238095238096
CHEMBL6092206,21,29.70731707317073,[#6]1:&@[#6]:&@[#6]:&@[#6]2:&@[#6](:&@[#6]:&@1):&@[#8]:&@[#6](:&@[#6]:&@2)-&!@[#6](=&!@[#8])-&!@[#7]-&!@[#16](=&!@[#8])(=&!@[#8])-&!@[#6]1:&@[#6]:&@[#6]:&@[#6]:&@[#6]:&@[#6]:&@1,2.08268404006958,0.7068965517241379
CHEMBL6092217,26,30.11111111111111,[#6]-&!@[#7](-&!@[#6]1:&@[#6]:&@[#6]:&@[#6]:&@[#6]:&@[#6]:&@1)-&!@[#6]1:&@[#7]:&@[#6](-&!@[#6]=&!@[#6]-&!@[#6]2:&@[#6]:&@[#6]:&@[#6]:&@[#6]:&@[#6]:&@2):&@[#7]:&@[#6]2:&@[#6]:&@1:&@[#6]:&@[#6]:&@[#6]:&@[#6]:&@2,0.005363941192626953,0.8634686346863468
CHEMBL6096629,19,30.65625,[#6]-&!@[#6]-&!@[#7]1:&@[#6]2:&@[#6]:&@[#6]:&@[#6]:&@[#6]:&@[#6]:&@2:&@[#6]2:&@[#6]:&@1:&@[#6]1:&@[#6]:&@[#6]:&@[#6]:&@[#6]:&@[#6]:&@1:&@[#6]:&@[#7]:&@2,0.684175968170166,0.6197757390417941
CHEMBL6096636,20,29.583333333333332,[#8]=&!@[#6](-&!@[#7]-&!@[#8])-&!@[#6]1:&@[#6]:&@[#7]:&@[#6](:&@[#7]:&@[#6]:&@1)-&!@[#7]-&!@[#6]1-&@[#6]-&@[#6]-&@[#6](-&@[#6]-&@[#6]-&@1)-&!@[#7]-&!@[#6]-&!@[#6],0.21665000915527344,0.676056338028169
CHEMBL6096688,35,38.810810810810814,[#8]=&!@[#6](-&!@[#8])-&!@[#6]1:&@[#6]:&@[#6]:&@[#6](:&@[#6]:&@[#6]:&@1)-&!@[#6]-&!@[#7]-&!@[#6](=&!@[#8])-&!@[#6]1:&@[#6](-&!@[#6]-&!@[#6]2:&@[#6]:&@[#6]:&@[#6](:&@[#6]:&@[#6]:&@2)-&!@[#6]2:&@[#6]:&@[#6]:&@[#6]:&@[#6]:&@[#6]:&@2):&@[#16]:&@[#6]2:&@[#6]:&@1-&@[#6]-&@[#6]-&@[#8]-&@[#6]-&@2,0.008646726608276367,0.9018105849582172
CHEMBL6096697,19,26.319148936170212,[#6]1:&@[#6]:&@[#6]:&@[#6](:&@[#6]:&@[#6]:&@1)-&!@[#7]-&!@[#6]1:&@[#7]:&@[#6]:&@[#6]:&@[#6](:&@[#7]:&@1)-&!@[#7]-&!@[#6]1:&@[#7]:&@[#6]:&@[#6]:&@[#16]:&@1,0.006512880325317383,0.7219078415521423
CHEMBL6103609,27,39.60606060606061,[#7]-&!@[#6](=&!@[#8])-&!@[#7]-&!@[#6]1:&@[#6]:&@[#6]:&@[#6](:&@[#6]:&@[#6]:&@1)-&!@[#8]-&!@[#6]1:&@[#6]:&@[#6]:&@[#7]:&@[#6](:&@[#6]:&@1)-&!@[#6]1:&@[#6]:&@[#7]:&@[#7](:&@[#6]:&@1)-&!@[#6]-&!@[#6]-&!@[#6]-&!@[#6]-&!@[#6],6.628535985946655,0.6817138485080336
CHEMBL6103625,36,47.45,"[#6]-&!@[#6](=&!@[#8])-&!@[#8]-&!@[#6]1-&@[#6]-&@[#6](-,=;!@[#8])-&@[#6](-&@[#6]2-&@[#6]-&@1(-&@[#6](-&@[#6](-&@[#6]-&@[#6](=&@[#6]-&@[#6]1-&@[#6](-&@[#6]-&@2-&!@[#8]-&!@[#6](-&!@[#6])=&!@[#8])-&@[#6](-&!@[#6])-&@[#6](-&@[#8]-&@1)=,-;!@[#8])-&!@[#6])-&!@[#8])-&!@[#8]-&!@[#6](-&!@[#6])=&!@[#8])-&!@[#6])-&!@[#6]",15.191134929656982,0.7586933614330874
CHEMBL6109114,35,41.55882352941177,[#6]-&!@[#6]1:&@[#6]:&@[#6](=&!@[#8]):&@[#7](:&@[#7]:&@[#6]:&@1-&!@[#6](=&!@[#8])-&!@[#7]-&!@[#6]1:&@[#6]:&@[#6]:&@[#6](:&@[#6](:&@[#6]:&@1)-&!@[#9])-&!@[#8]-&!@[#6]1:&@[#6]:&@[#6]:&@[#7]:&@[#6](:&@[#6]:&@1)-&!@[#7]-&!@[#6](=&!@[#8])-&!@[#7])-&!@[#6]1:&@[#6]:&@[#6]:&@[#6]:&@[#6]:&@[#6]:&@1,0.05781888961791992,0.8421797593772116
CHEMBL6109127,18,29.52777777777778,[#6]1:&@[#7]:&@[#6](-&!@[#7]-&!@[#6]2:&@[#6]:&@[#6]:&@[#6]:&@[#6]:&@[#6]:&@2):&@[#6]2:&@[#6](:&@[#7]:&@1):&@[#6]:&@[#6](:&@[#6]:&@[#6]:&@2)-&!@[#6],2.2049429416656494,0.6095954844778927
CHEMBL6109137,21,27.83783783783784,[#6]1:&@[#6]:&@[#6]:&@[#6](:&@[#6]:&@[#6]:&@1)-&!@[#6]1:&@[#6]:&@[#6]:&@[#6]:&@[#6](:&@[#6]:&@1)-&!@[#6]1:&@[#6]:&@[#6]:&@[#6]2:&@[#6](:&@[#6]:&@1)-&@[#6]-&@[#7]-&@[#6]-&@2,0.0052700042724609375,0.7543689320388349
CHEMBL6109150,18,24.512820512820515,[#7]-&!@[#6]1:&@[#6](-&!@[#6]2:&@[#6]:&@[#6]:&@[#6]:&@[#6]:&@[#6]:&@2):&@[#6]2:&@[#7]:&@[#6]:&@[#6]:&@[#6]:&@[#6]:&@2:&@[#7]:&@[#6]:&@1=&!@[#8],0.06639623641967773,0.7343096234309623
CHEMBL6114984,29,36.2972972972973,[#7]-&!@[#6](=&!@[#8])-&!@[#7]-&!@[#6]1:&@[#6]:&@[#6]:&@[#6](:&@[#6]:&@[#6]:&@1)-&!@[#7]-&!@[#6]1:&@[#7]:&@[#6]:&@[#6](:&@[#6](:&@[#7]:&@1)-&!@[#7]-&!@[#6]1:&@[#6]:&@[#6]:&@[#6]:&@[#6]:&@[#6]:&@1-&!@[#6](=&!@[#8])-&!@[#7]-&!@[#6])-&!@[#17],9.967113018035889,0.7989575577066269
CHEMBL6120966,20,32.10526315789474,[#9]-&!@[#6]1:&@[#6]:&@[#6](-&!@[#7]-&!@[#6]):&@[#6]:&@[#6](:&@[#6]:&@1-&!@[#8]-&!@[#6]1:&@[#6]:&@[#6]:&@[#7]:&@[#6]2:&@[#6]:&@1:&@[#6]:&@[#6]:&@[#7]:&@2)-&!@[#9],0.3051919937133789,0.6229508196721311
CHEMBL6121003,26,40.76190476190476,[#6]-&!@[#7]-&!@[#6]1:&@[#6]:&@[#6]:&@[#6](:&@[#6]:&@[#6]:&@1)-&!@[#6]1:&@[#7]:&@[#6](-&!@[#7]2-&@[#6]-&@[#6]-&@[#8]-&@[#6]-&@[#6]-&@2):&@[#7]:&@[#6](:&@[#7]:&@1)-&!@[#7]1-&@[#6]-&@[#6]-&@[#8]-&@[#6]-&@[#6]-&@1,0.01695394515991211,0.6378504672897196
CHEMBL6121019,28,35.857142857142854,[#6]-&!@[#6](-&!@[#6])-&!@[#6]1-&@[#6]-&@[#6]-&@[#6]2-&@[#6]-&@1(-&@[#6]-&@[#6]-&@[#6]1-&@[#6]-&@2-&@[#6](=&!@[#8])-&@[#6]=&@[#6]2-&@[#6]-&@1(-&@[#6]=&@[#6](-&@[#6](-&@[#6]-&@2(-&!@[#6])-&!@[#6])=&!@[#8])-&!@[#6]#&!@[#7])-&!@[#6])-&!@[#6],7.302850961685181,0.7808764940239045
CHEMBL6121047,22,34.72727272727273,[#6]-&!@[#8]-&!@[#6]1:&@[#6]:&@[#6]:&@[#6](:&@[#6]:&@[#6]:&@1-&!@[#8]-&!@[#6]-&!@[#6]1-&@[#6]-&@[#6]-&@1)-&!@[#6]1:&@[#7]:&@[#6]2:&@[#6](:&@[#7]:&@1):&@[#6]:&@[#6]:&@[#6]:&@[#6]:&@2,9.066652774810791,0.6335078534031414
CHEMBL6121050,23,34.0,[#6]-&!@[#6](=&!@[#8])-&!@[#7]-&!@[#6]-&!@[#6]1:&@[#6]:&@[#6]:&@[#6]2:&@[#6](:&@[#6]:&@1)-&@[#6]-&@[#7](-&@[#6]-&@2=&!@[#8])-&!@[#6]1-&@[#6]-&@[#6]-&@[#6](-&@[#7]-&@[#6]-&@1=&!@[#8])=&!@[#8],21.587249517440796,0.6764705882352942
CHEMBL6121057,19,24.416666666666668,[#8]=&!@[#6](-&!@[#7]-&!@[#6]1:&@[#6]:&@[#6]:&@[#6]:&@[#6]:&@[#6]:&@1)-&!@[#7]-&!@[#6]1:&@[#6]:&@[#7]:&@[#6]2:&@[#6]:&@1:&@[#6]:&@[#6]:&@[#6]:&@[#6]:&@2,0.16253089904785156,0.7781569965870306
CHEMBL6127087,21,29.657894736842106,"[#6]-&!@[#6]-,=;!@[#6]-&!@[#6](=&!@[#8])-&!@[#7]1-&@[#7]=&@[#6](-&@[#6]-&@[#6]-&@1-&!@[#6]1:&@[#6]:&@[#7]:&@[#6]2:&@[#6](:&@[#6]:&@1):&@[#6]:&@[#6]:&@[#6]:&@[#6]:&@2)-&!@[#6]",0.33954429626464844,0.7080745341614907
CHEMBL6134907,31,38.0,[#6]-&!@[#8]-&!@[#6]1:&@[#6]:&@[#6]2:&@[#6](=&!@[#8]):&@[#7](-&!@[#6]-&!@[#6]-&!@[#7](-&!@[#6])-&!@[#6]):&@[#6]3:&@[#6](:&@[#6]:&@2:&@[#6]:&@[#6]:&@1-&!@[#8]-&!@[#6]):&@[#6]:&@[#6]:&@[#6]1:&@[#6]:&@3:&@[#6]:&@[#6]2:&@[#6](:&@[#6]:&@1)-&@[#8]-&@[#6]-&@[#8]-&@2,29.189419746398926,0.8157894736842105
CHEMBL6153083,24,31.224489795918366,[#6]1:&@[#6](-&!@[#6]-&!@[#7]):&@[#6](-&!@[#6]2:&@[#6]:&@[#6]3:&@[#6]:&@[#6]:&@[#6]4:&@[#6](:&@[#6]:&@3:&@[#6]:&@[#7]:&@2)-&@[#8]-&@[#6]-&@[#8]-&@4):&@[#6]:&@[#6]2:&@[#6]:&@1-&@[#8]-&@[#6]-&@[#8]-&@2,0.020992279052734375,0.7686274509803922
CHEMBL6153147,25,37.7,[#6]-&!@[#6]-&!@[#6]1-&@[#6](=&!@[#8])-&@[#7](-&!@[#6])-&@[#6]2:&@[#6](-&@[#7]-&@1-&!@[#6]):&@[#7]:&@[#6](:&@[#7]:&@[#6]:&@2)-&!@[#7]-&!@[#6]1:&@[#6]:&@[#6](-&!@[#7]):&@[#6]:&@[#6]:&@[#6]:&@1-&!@[#8]-&!@[#6],30.25185751914978,0.663129973474801
CHEMBL6153173,22,29.735294117647058,[#6]-&!@[#6]1:&@[#6](-&!@[#6]2:&@[#6]:&@[#6]:&@[#6]:&@[#6]:&@[#6]:&@2):&@[#6]:&@[#6]:&@[#6]2:&@[#6]:&@1:&@[#7]:&@[#6](:&@[#7]:&@2)-&!@[#6]1:&@[#6]:&@[#6]:&@[#6]:&@[#6]:&@[#6]:&@1,5.935739755630493,0.7398615232443125
CHEMBL6177950,21,29.75,"[#7]1:&@[#6]:&@[#6](-&!@[#6]2:&@[#7]:&@[#6](-&!@[#7]-&!@[#6]3-&@[#6]-&@[#6]-&@[#7]-&@[#6]-&@[#6]-&@3):&@[#7]:&@[#6]:&@[#6]:&@2-&!@[#9]):&@[#6]:&@[#6]:&@[#6]:&@1=,-;!@[#8]",0.4676530361175537,0.7058823529411765
CHEMBL6178014,22,34.125,[#8]=&!@[#6](-&!@[#7]-&!@[#6]1:&@[#6]:&@[#6]:&@[#6]:&@[#6]:&@[#6]:&@1)-&!@[#7]-&!@[#6]1:&@[#6]:&@[#6](-&!@[#6]2:&@[#6]:&@[#6]:&@[#6]:&@[#6]:&@[#6]:&@2):&@[#6]:&@[#6]:&@[#7]:&@1,1.0481836795806885,0.6446886446886447
CHEMBL6182907,25,30.161290322580644,[#8]=&!@[#6]1-&@[#6]2:&@[#6]:&@[#6](:&@[#7]:&@[#7]:&@2-&@[#6]-&@[#6]-&@[#6]-&@[#7]-&@1-&!@[#6]-&!@[#6]1:&@[#6]:&@[#6]:&@[#6]:&@[#6]:&@[#6]:&@1)-&!@[#6]-&!@[#6]1:&@[#6]:&@[#6]:&@[#6]:&@[#6]:&@[#6]:&@1,0.7053694725036621,0.8288770053475936
CHEMBL6182923,27,42.644444444444446,[#6]-&!@[#8]-&!@[#6]1:&@[#6]:&@[#6]:&@[#6](:&@[#6]:&@[#7]:&@1)-&!@[#6]1:&@[#6]:&@[#7](:&@[#6]2:&@[#6]:&@1:&@[#6]:&@[#6]:&@[#6](:&@[#6]:&@2)-&!@[#7]-&!@[#6](=&!@[#8])-&!@[#6]1:&@[#6]:&@[#6]:&@[#6]:&@[#6]:&@[#6]:&@1)-&!@[#6],30.38932752609253,0.6331422615945805
CHEMBL1152282,22,31.641025641025642,[#7]-&!@[#6]1:&@[#6]:&@[#6]:&@[#6]:&@[#6]:&@[#6]:&@1-&!@[#7]-&!@[#6](=&!@[#8])-&!@[#6]1:&@[#6]:&@[#6]:&@[#6](:&@[#7]:&@[#6]:&@1)-&!@[#7]1-&@[#6]-&@[#6]-&@[#6]-&@[#6]-&@[#6]-&@1,7.046057939529419,0.6952998379254457
CHEMBL1136988,25,32.08571428571429,[#6]1:&@[#6]:&@[#6]:&@[#6](:&@[#6]:&@[#6]:&@1)-&!@[#6]-&!@[#6]1:&@[#7]:&@[#7]:&@[#6](:&@[#6]:&@[#6]:&@1)-&!@[#7]1-&@[#6]-&@[#6]-&@[#7](-&@[#6]-&@[#6]-&@1)-&!@[#6]1:&@[#6]:&@[#6]:&@[#6]:&@[#6]:&@[#7]:&@1,15.545041561126709,0.7791629563668744
CHEMBL1811851,23,30.783783783783782,"[#6]-&!@[#6](=&!@[#8])-&!@[#7]-&!@[#6]1:&@[#6]:&@[#6]:&@[#6]:&@[#6](:&@[#6]:&@1)-&!@[#7]-&!@[#6]1:&@[#7]:&@[#6]:&@[#7]:&@[#6](:&@[#7]:&@1)-&!@[#7]1-&@[#6]-&@[#6]-&@[#6]-,:;@[#6]-&@[#6]-&@1",2.4777982234954834,0.7471466198419666
CHEMBL3102825,19,24.772151898734176,[#8]=&!@[#6]1-&@[#7]-&@[#6](-&@[#7]-&@[#6]-&@1=&!@[#6]-&!@[#6]1:&@[#6]:&@[#6]:&@[#6](:&@[#16]:&@1)-&!@[#6]1:&@[#6]:&@[#6]:&@[#6]:&@[#6]:&@[#6]:&@1)=&!@[#16],0.13666820526123047,0.7669902912621359
CHEMBL3286316,17,21.75,"[#8]=&!@[#6](-&!@[#6]=,-;!@[#6]-&!@[#6]1:&@[#6]:&@[#6]:&@[#6]:&@[#6]:&@[#6]:&@1)-&!@[#7]-&!@[#6]1:&@[#6]:&@[#6]:&@[#6]:&@[#6]:&@[#6]:&@1",0.04304218292236328,0.7816091954022989
CHEMBL3352261,19,28.661538461538463,[#7]-&!@[#16](=&!@[#8])(=&!@[#8])-&!@[#6]1:&@[#6]:&@[#6]:&@[#6]:&@[#6](:&@[#6]:&@1)-&!@[#6]1:&@[#7]:&@[#7]:&@[#6]2:&@[#6]:&@1:&@[#6]:&@[#6]:&@[#6]:&@[#6]:&@2,1.400322675704956,0.6629092860976918
CHEMBL3351303,18,28.147058823529413,[#6]-&!@[#7]1:&@[#6]:&@[#7](:&@[#6]2:&@[#6]:&@1:&@[#7]:&@[#6]:&@[#6]:&@[#6]:&@2-&!@[#7])-&!@[#6]-&!@[#6]1:&@[#6]:&@[#6]:&@[#6]:&@[#6]:&@[#6]:&@1,2.8959434032440186,0.6394984326018809
CHEMBL3758163,24,28.565217391304348,[#6]-&!@[#6](-&!@[#7]-&!@[#6]1:&@[#7]:&@[#6]:&@[#7]:&@[#6]2:&@[#6]:&@1:&@[#6]:&@[#6](:&@[#16]:&@2)-&!@[#6]1:&@[#6]:&@[#6]:&@[#6]:&@[#6]:&@[#6]:&@1)-&!@[#6]1:&@[#6]:&@[#6]:&@[#6]:&@[#6]:&@[#6]:&@1,8.203457355499268,0.8401826484018264
CHEMBL3769365,16,23.823529411764707,[#6]1:&@[#6]:&@[#6]:&@[#6](:&@[#6]:&@[#6]:&@1)-&!@[#6]-&!@[#7]1:&@[#6]:&@[#7]:&@[#6]2:&@[#6]:&@1:&@[#6]:&@[#6]:&@[#6]:&@[#6]:&@2,0.548497200012207,0.671604938271605
CHEMBL4017490,23,33.411764705882355,[#6]1:&@[#6]:&@[#6]:&@[#6](:&@[#6]:&@[#6]:&@1)-&!@[#6]1:&@[#6]:&@[#6](-&!@[#7]-&!@[#6](-&!@[#6]-&!@[#8])-&!@[#6]2:&@[#6]:&@[#6]:&@[#6]:&@[#6]:&@[#6]:&@2):&@[#6]:&@[#7]:&@[#6]:&@1-&!@[#6],18.111604690551758,0.6883802816901408
CHEMBL4028850,15,24.638297872340427,[#6]-&!@[#6]-&!@[#7]-&!@[#6]1:&@[#7]:&@[#6](-&!@[#7]):&@[#7]:&@[#6]2:&@[#6]:&@1:&@[#7](:&@[#6]:&@[#6]:&@2)-&!@[#6]-&!@[#6],0.7254664897918701,0.6088082901554404
CHEMBL4028890,19,24.842105263157894,[#6]1:&@[#6]:&@[#6]:&@[#6](:&@[#6]:&@[#6]:&@1)-&!@[#6]-&!@[#7]1:&@[#6]:&@[#6](:&@[#6]2:&@[#6]:&@1:&@[#6]:&@[#6]:&@[#6]:&@[#6]:&@2)-&!@[#6]-&!@[#7]-&!@[#6],3.073322296142578,0.7648305084745763
CHEMBL4038338,22,33.27777777777778,"[#7]-&!@[#6](=&!@[#8])-&!@[#6](=,-;!@[#8])-&!@[#6](-&!@[#6]-&!@[#6]1:&@[#6]:&@[#6]:&@[#6]:&@[#6]:&@[#6]:&@1)-&!@[#7]-&!@[#6](=&!@[#8])-&!@[#6]1:&@[#6]:&@[#6]:&@[#6]:&@[#7]:&@[#6]:&@1",0.6314218044281006,0.66110183639399
CHEMBL4184291,24,30.742857142857144,"[#6]1:&@[#6](-&!@[#6]-&!@[#6]-&!@[#6](=,-;!@[#8])-,=;!@[#8]):&@[#6]:&@[#6]:&@[#6](:&@[#6]:&@1)-&!@[#8]-&!@[#6]-&!@[#6]1:&@[#6]:&@[#6]:&@[#6]:&@[#7]:&@1-&!@[#6]1:&@[#6]:&@[#6]:&@[#6]:&@[#6]:&@[#6]:&@1",3.2897965908050537,0.7806691449814126
CHEMBL4190311,28,41.28260869565217,"[#6]-&!@[#8]-&!@[#6]1:&@[#6]:&@[#6](-&!@[#8]-&!@[#6]2:,-;@[#6]:,-;@[#6]:,-;@[#6]:,-;@[#6]:,-;@[#6]:,-;@2):&@[#6]:&@[#6](:&@[#6]:&@1)-&!@[#6](=&!@[#8])-&!@[#7]-&!@[#6]1:&@[#7]:&@[#6]2:&@[#6](:&@[#16]:&@1)-&@[#6]-&@[#7](-&@[#6]-&@[#6]-&@2)-&!@[#6]",30.163062810897827,0.6782517114270669
CHEMBL4229418,19,30.703125,[#6]-&!@[#6]-&!@[#6]-&!@[#6]-&!@[#6](=&!@[#8])-&!@[#7]-&!@[#6]1:&@[#6](-&!@[#6](-&!@[#6])-&!@[#6]):&@[#6]:&@[#6]:&@[#6]:&@[#6]:&@1-&!@[#6](-&!@[#6])-&!@[#6],0.7793476581573486,0.6188295165394402
CHEMBL4304746,18,29.319148936170212,[#6](=&!@[#8])-&!@[#7]1-&@[#6]-&@[#6]-&@[#6](-&@[#6]-&@[#6]-&@1)-&!@[#6]1:&@[#6]:&@[#6]:&@[#6]:&@[#6]:&@[#6]:&@1-&!@[#6](-&!@[#9])(-&!@[#9])-&!@[#9],0.020238637924194336,0.6139332365747461
CHEMBL4311995,21,28.8828125,[#6]-&!@[#6]-&!@[#7]-&!@[#6]1:&@[#7]:&@[#6](-&!@[#6]=&!@[#6]-&!@[#6]2:&@[#6]:&@[#6]:&@[#6]:&@[#6]:&@[#6]:&@2):&@[#7]:&@[#6]2:&@[#6]:&@1:&@[#6]:&@[#6]:&@[#6]:&@[#6]:&@2,3.9702157974243164,0.7270760075737084
CHEMBL4321837,21,34.02777777777778,[#6]-&!@[#6]-&!@[#7]1:&@[#6]:&@[#6](:&@[#6]:&@[#7]:&@1)-&!@[#6]1:&@[#7]:&@[#6](-&!@[#7]-&!@[#6]2:&@[#6]:&@[#6]:&@[#6](:&@[#6]:&@[#6]:&@2)-&!@[#7]):&@[#7]:&@[#6]:&@[#6]:&@1,16.001267194747925,0.6171428571428571
CHEMBL4342527,26,41.0,[#6]-&!@[#7](-&!@[#6]-&!@[#6]1:&@[#6]:&@[#6]:&@[#6]:&@[#6]:&@[#6]:&@1)-&!@[#6]-&!@[#6](-&!@[#8])(-&!@[#6]-&!@[#7]1:&@[#6]:&@[#7]:&@[#6]:&@[#7]:&@1)-&!@[#6]1:&@[#6]:&@[#6]:&@[#6](:&@[#6]:&@[#6]:&@1-&!@[#9])-&!@[#9],0.7893979549407959,0.6341463414634146
CHEMBL4359837,25,35.486486486486484,[#6]-&!@[#8]-&!@[#6]1:&@[#6]:&@[#6]2:&@[#7]:&@[#6]:&@[#6]:&@[#6](:&@[#6]:&@2:&@[#6]:&@[#6]:&@1-&!@[#8]-&!@[#6])-&!@[#8]-&!@[#6]1:&@[#6]:&@[#6]:&@[#6](:&@[#6]:&@[#6]:&@1)-&!@[#7]-&!@[#6](=&!@[#8])-&!@[#6],30.444010734558105,0.7044935262757045
CHEMBL4373711,20,31.75862068965517,"[#6]-&!@[#7]1:&@[#6](-&!@[#16]-&!@[#6]-&!@[#6]2:&@[#6]:&@[#6]:&@[#6]:&@[#6]:&@[#6]:&@2):&@[#7]:&@[#7]:&@[#6]:&@1-&!@[#6]1:,-;@[#6]:,-;@[#6]:,-;@[#6]:,-;@[#6]:,-;@[#6]:,-;@1",2.1881961822509766,0.6297502714440826
CHEMBL4406821,28,44.09375,[#6]1:&@[#6]:&@[#7]:&@[#6](:&@[#7]:&@[#6]:&@1)-&!@[#7]-&!@[#6]1:&@[#6]:&@[#6]:&@[#6](:&@[#6]:&@[#6]:&@1)-&!@[#7]-&!@[#6](=&!@[#8])-&!@[#6]1(-&!@[#6](=&!@[#8])-&!@[#7]-&!@[#6]2:&@[#6]:&@[#6]:&@[#6]:&@[#6]:&@[#6]:&@2)-&@[#6]-&@[#6]-&@1,30.079298734664917,0.6350106307583274
CHEMBL4406916,15,24.26829268292683,[#8]=&!@[#6]1:&@[#7]:&@[#7]:&@[#6]:&@[#6](:&@[#6]:&@1)-&!@[#7]1-&@[#6]-&@[#6]-&@[#7](-&@[#6]-&@[#6]-&@1)-&!@[#6]-&!@[#6],1.60837984085083,0.6180904522613065
CHEMBL4602676,14,17.16393442622951,[#6]1:&@[#6]:&@[#7]:&@[#6]:&@[#6](:&@[#6]:&@1)-&!@[#8]-&!@[#6]-&!@[#6]1-&@[#6]-&@[#6]-&@[#6]-&@[#6]-&@[#7]-&@1,0.12452483177185059,0.8156638013371537
CHEMBL4602710,22,34.0,[#6]1:&@[#6]:&@[#7]2:&@[#6](:&@[#7]:&@1):&@[#6](:&@[#7]:&@[#6](:&@[#6]:&@2)-&!@[#6])-&!@[#7]-&!@[#6]1:&@[#6]:&@[#6]:&@[#6](:&@[#6]:&@[#6]:&@1)-&!@[#7](-&@[#6]-&@[#6])-&@[#6]-&@[#6],14.669553279876709,0.6470588235294118
CHEMBL4602732,18,25.043478260869566,[#7]-&!@[#6]1:&@[#7]:&@[#6]:&@[#7]:&@[#6]2:&@[#6]:&@1:&@[#6](-&!@[#8]-&!@[#6]1:&@[#6]:&@[#6]:&@[#6]:&@[#6]:&@[#7]:&@1):&@[#7]:&@[#7]:&@2-&!@[#6],0.3148977756500244,0.71875
CHEMBL4619752,28,40.785714285714285,[#7]-&!@[#6](=&!@[#8])-&!@[#6]1:&@[#7]:&@[#6](:&@[#16]:&@[#6]:&@1-&!@[#6]1:&@[#6]:&@[#6]:&@[#6](:&@[#6]:&@[#6]:&@1)-&!@[#16](=&!@[#8])(=&!@[#8])-&!@[#7]-&!@[#6]-&!@[#6](-&!@[#9])(-&!@[#9])-&!@[#9])-&!@[#6](=&!@[#8])-&!@[#7]-&!@[#6]-&!@[#6],30.159680128097534,0.6865148861646235
CHEMBL4622975,14,23.194444444444443,"[#6]1:&@[#6]:&@[#6]:&@[#6](:&@[#6]:&@[#6]:&@1)-&!@[#6]#,-,=;!@[#6]-&!@[#6]1:&@[#6]:&@[#6]:&@[#6]:&@[#6]:&@[#6]:&@1",0.07115578651428223,0.6035928143712576
CHEMBL4673243,18,27.71794871794872,[#8]=&!@[#6]1:&@[#7]:&@[#6](-&!@[#8]-&!@[#6]-&!@[#6]):&@[#6]:&@[#6]2:&@[#7]:&@1-&@[#6]-&@[#6]-&@[#6]1:&@[#6]-&@2:&@[#6]:&@[#6]:&@[#6]:&@[#6]:&@1,2.3144989013671875,0.6493987049028677
CHEMBL4673285,26,38.513513513513516,[#6]-&!@[#8]-&!@[#6]1:&@[#6]:&@[#6](-&!@[#7]-&!@[#6]-&!@[#6]2:&@[#6]:&@[#6]:&@[#6]:&@[#6](:&@[#6]:&@2)-&!@[#6]2:&@[#6]:&@[#6]:&@[#6]:&@[#6]:&@[#6]:&@2):&@[#6]:&@[#6]:&@[#6]:&@1-&!@[#6]-&!@[#7]-&!@[#6]-&!@[#6],5.439001083374023,0.6750877192982456
CHEMBL4725344,19,26.88888888888889,[#7]-&!@[#6]-&!@[#6](-&!@[#8])-&!@[#6]-&!@[#8]-&!@[#6]1:&@[#6]:&@[#6]:&@[#6]:&@[#6]2:&@[#6]:&@1:&@[#6]1:&@[#6]:&@[#6]:&@[#6]:&@[#6]:&@[#6]:&@1:&@[#7]:&@2,0.026610612869262695,0.7066115702479339
CHEMBL4765349,36,41.97435897435897,[#6]-&!@[#8]-&!@[#6]1:&@[#6]:&@[#6]2:&@[#7]:&@[#6]:&@[#6]:&@[#6](:&@[#6]:&@2:&@[#6]:&@[#6]:&@1-&!@[#8]-&!@[#6])-&!@[#8]-&!@[#6]1:&@[#6]:&@[#6]:&@[#6](:&@[#6]:&@[#6]:&@1-&!@[#9])-&!@[#7]-&!@[#6](-&!@[#6])=&!@[#7]-&!@[#16](=&!@[#8])(=&!@[#8])-&!@[#6]-&!@[#6]1:&@[#6]:&@[#6]:&@[#6]:&@[#6]:&@[#6]:&@1,6.7937445640563965,0.8576664630421503
CHEMBL4825708,23,36.55263157894737,[#6]-&!@[#6]1-&@[#6]-&@[#6]2:&@[#6](-&@[#6](-&@[#7]-&@1-&!@[#6]-&!@[#6])-&!@[#6]1:&@[#6]:&@[#6]:&@[#6]:&@[#6]:&@[#6]:&@1-&!@[#9]):&@[#7]:&@[#6]1:&@[#6]:&@2:&@[#6]:&@[#6]:&@[#6]:&@[#6]:&@1,30.198764085769653,0.6292296616270698
CHEMBL4828733,19,28.671232876712327,[#9]-&!@[#6](-&!@[#9])(-&!@[#9])-&!@[#6]1:&@[#6]:&@[#6]:&@[#6]:&@[#6](:&@[#6]:&@1)-&!@[#7]-&!@[#6]1:&@[#7]:&@[#6](-&!@[#7]-&!@[#6]):&@[#7]:&@[#6]:&@[#6]:&@1,4.423305034637451,0.6626851409460105
CHEMBL4834437,28,39.375,"[#6]-&!@[#7]1-&@[#6](=&!@[#8])-&@[#6](-&!@[#7]-&!@[#6](=&!@[#8])-&!@[#6]2:,-;@[#6]:,-;@[#6]:,-;@[#6]:,-;@[#6]:,-;@[#6]:,-;@2)-&@[#6](-&@[#6]2:&@[#6]-&@1:&@[#7](:&@[#7]:&@[#6]:&@2-&!@[#6])-&!@[#6]1:&@[#6]:&@[#6]:&@[#6]:&@[#6]:&@[#6]:&@1)-&!@[#6]",30.25419044494629,0.7111111111111111
CHEMBL4842357,22,34.3448275862069,[#8]=&!@[#6]1:&@[#6]:&@[#6](-&!@[#6]2:&@[#6]:&@[#6]:&@[#6](:&@[#6]:&@[#6]:&@2)-&!@[#8]):&@[#8]:&@[#6]2:&@[#6]:&@1:&@[#6](:&@[#6]:&@[#6](:&@[#6]:&@2-&!@[#6]-&!@[#7])-&!@[#8])-&!@[#8],16.15039563179016,0.6405622489959839
CHEMBL5029179,25,40.853658536585364,[#6]1:&@[#6]:&@[#6]:&@[#6](:&@[#6]:&@[#6]:&@1)-&!@[#7]-&!@[#6]1:&@[#7]:&@[#6]:&@[#6](:&@[#6](:&@[#7]:&@1)-&!@[#7]-&!@[#6]1:&@[#6]:&@[#6]:&@[#6]:&@[#6]:&@[#6]:&@1-&!@[#6](=&!@[#8])-&!@[#7]-&!@[#6])-&!@[#17],0.054071903228759766,0.6119402985074627
CHEMBL5032510,19,28.73972602739726,[#8]=&!@[#6](-&!@[#7]-&!@[#6])-&!@[#6]1:&@[#16]:&@[#6](:&@[#7]2:&@[#6]:&@1:&@[#7]:&@[#6](:&@[#6]1:&@[#6]:&@2:&@[#6]:&@[#6]:&@[#6]:&@[#6]:&@1)=&!@[#8])=&!@[#16],8.749020338058472,0.6611058150619638
CHEMBL5034029,20,27.6,[#6]-&!@[#6]-&!@[#7](-&!@[#6]-&!@[#6](-&!@[#6])-&!@[#7]1-&@[#6]-&@[#6]-&@[#6](-&@[#6]-&@[#6]-&@1)-&!@[#6]-&!@[#6]1:&@[#6]:&@[#6]:&@[#6]:&@[#6]:&@[#6]:&@1)-&!@[#6],0.5529947280883789,0.7246376811594203
CHEMBL5042526,26,32.0,[#6]1:&@[#6]:&@[#6](-&!@[#6]-&!@[#7]2:&@[#7]:&@[#6]:&@[#7](:&@[#6]:&@2=&!@[#8])-&!@[#6]2:&@[#6]:&@[#6]:&@[#6]:&@[#6]:&@[#6]:&@2):&@[#6]:&@[#6]:&@[#6]:&@1-&!@[#8]-&!@[#6](-&!@[#6])(-&!@[#6])-&!@[#6](=&!@[#8])-&!@[#8],1.0593764781951904,0.8125
CHEMBL5096216,25,40.1219512195122,[#8]=&!@[#6](-&!@[#7]-&!@[#6]1:&@[#6]:&@[#6](-&!@[#8]-&!@[#6]2:&@[#6]:&@[#6]:&@[#6](:&@[#6]:&@[#6]:&@2)-&!@[#9]):&@[#6]:&@[#6](:&@[#6]:&@1)-&!@[#8]-&!@[#6]1:&@[#6]:&@[#6]:&@[#6]:&@[#6]:&@[#6]:&@1)-&!@[#7],0.890458345413208,0.6231003039513677
CHEMBL5108046,16,25.048780487804876,[#6](=&!@[#8])-&!@[#7]-&!@[#6]1-&@[#6]-&@[#6]-&@[#7](-&@[#6]-&@1)-&!@[#6](=&!@[#8])-&!@[#6]1:&@[#6]:&@[#6](:&@[#7]:&@[#7]:&@1)-&!@[#6],0.39152026176452637,0.6387536514118793
CHEMBL5120746,23,30.939393939393938,[#6]-&!@[#6]1:&@[#6]:&@[#6](-&!@[#7]-&!@[#7]-&!@[#6](=&!@[#8])-&!@[#7]-&!@[#6]2:&@[#6]:&@[#6]:&@[#7]:&@[#6](:&@[#6]:&@2)-&!@[#17]):&@[#7]:&@[#6]2:&@[#6]:&@1:&@[#6]:&@[#7]:&@[#7]:&@2-&!@[#6],0.7908403873443604,0.743388834476004
CHEMBL5120859,19,26.085714285714285,[#8]=&!@[#6](-&!@[#7]-&!@[#6]1:&@[#16]:&@[#6]:&@[#6](:&@[#6]:&@1-&!@[#6](=&!@[#8])-&!@[#8])-&!@[#6]1:&@[#6]:&@[#6]:&@[#6](:&@[#6]:&@[#6]:&@1)-&!@[#17])-&!@[#6],1.1156134605407715,0.7283680175246441
CHEMBL5126626,16,26.0,[#8]=&!@[#6](-&!@[#7]-&!@[#6]1:&@[#6]:&@[#6]:&@[#6]:&@[#6]:&@[#6]:&@1)-&!@[#7]1-&@[#6]-&@[#6]-&@[#7](-&@[#6]-&@[#6]-&@1)-&!@[#6],1.820805311203003,0.6153846153846154
CHEMBL5137074,19,26.403846153846153,[#6]1:&@[#6]:&@[#6]:&@[#6]:&@[#6]:&@[#6]:&@1-&!@[#7]1:&@[#6](-&!@[#7]):&@[#6](:&@[#6]2:&@[#6]:&@1:&@[#7]:&@[#6]:&@[#6]:&@[#7]:&@2)-&!@[#6](-&!@[#7])=&!@[#8],6.847336292266846,0.71959213401311
CHEMBL5137095,20,31.547619047619047,[#6]-&!@[#7](-&!@[#6])-&!@[#6]-&!@[#6]1:&@[#6]:&@[#6]:&@[#6]:&@[#6]:&@[#6]:&@1-&!@[#6]-&!@[#7]-&!@[#6](=&!@[#8])-&!@[#6]1:&@[#6]:&@[#6]:&@[#6]:&@[#6]:&@[#6]:&@1,0.5873491764068604,0.6339622641509434
CHEMBL5149984,16,24.03030303030303,[#6]#&!@[#6]-&!@[#6]-&!@[#7](-&!@[#6]1:&@[#6]:&@[#6]:&@[#6](:&@[#6]:&@[#6]:&@1)-&!@[#7]-&!@[#6](=&!@[#8])-&!@[#8]-&!@[#6])-&!@[#6],0.01219320297241211,0.6658259773013872
CHEMBL5150077,21,29.756756756756758,"[#8]=&!@[#6](-&!@[#7]-&!@[#6]1:&@[#7]:&@[#6]2:&@[#7](:&@[#7]:&@1):&@[#6](:&@[#6]:&@[#6]:&@[#6]:&@2)-&!@[#6]1=,-;@[#6]-&@[#6]-&@[#6]-&@[#6]-&@[#6]-&@1)-&!@[#6]1-&@[#6]-&@[#6]-&@1",11.472562313079834,0.7057220708446866
CHEMBL5154647,16,26.169811320754718,[#7]1-&@[#6]-&@[#6]-&@[#6]2-&@[#6]-&@1-&@[#6]1:&@[#6]:&@[#6]:&@[#6]:&@[#6]:&@[#6]:&@1-&@[#7]1-&@[#6]-&@2-&@[#6]-&@[#6]-&@[#6]-&@1,4.179140329360962,0.6113914924297044
CHEMBL5154654,24,36.020833333333336,[#6]1:&@[#6]:&@[#6](-&!@[#7]-&!@[#6]2:&@[#7]:&@[#6](-&!@[#8]-&!@[#6]3:&@[#6]:&@[#6]:&@[#6]:&@[#6]4:&@[#6]:&@3-&@[#6](=&!@[#8])-&@[#6]-&@[#6]-&@4):&@[#6]:&@[#6]:&@[#7]:&@2):&@[#6]:&@[#6]:&@[#6]:&@1,30.15101647377014,0.6662810873337188
CHEMBL5154685,20,30.23728813559322,"[#6]1:,-;@[#6]:,-;@[#6]:,-;@[#6]:,-;@[#6](:,-;@[#6]:,-;@1)-&!@[#6]-&!@[#7]1-&@[#6]-&@[#6]-&@[#8]-&@[#6]2:&@[#6](-&@[#6]-&@1=&!@[#8]):&@[#6]:&@[#6]:&@[#6](:&@[#6]:&@2)-&!@[#6]",22.406535387039185,0.6614349775784754
CHEMBL5154726,15,17.94736842105263,[#6]1:&@[#6]:&@[#6]:&@[#6]2:&@[#7](:&@[#6]:&@1):&@[#7]:&@[#6](:&@[#7]:&@2)-&!@[#6]1:&@[#6]:&@[#6]:&@[#6]:&@[#6]:&@[#6]:&@1,0.008382081985473633,0.8357771260997068
CHEMBL5154871,20,32.391304347826086,[#6]1:&@[#6]:&@[#6]:&@[#6](:&@[#6]:&@[#6]:&@1)-&!@[#7]-&!@[#6]1:&@[#7]:&@[#6](-&!@[#7]-&!@[#6]2:&@[#6]:&@[#6]:&@[#6]:&@[#6]:&@[#7]:&@2):&@[#7]:&@[#6]:&@[#6]:&@1,6.970867395401001,0.6174496644295302
CHEMBL5226341,24,37.471698113207545,[#8]=&!@[#6](-&!@[#7]-&!@[#6]1:&@[#6]:&@[#6](:&@[#7]:&@[#7]:&@1)-&!@[#6]1:&@[#6]:&@[#6]:&@[#6]2:&@[#6](:&@[#6]:&@1):&@[#7](:&@[#6]:&@[#7]:&@2)-&!@[#6])-&!@[#6]1:&@[#6]:&@[#6]:&@[#6]:&@[#6]:&@[#6]:&@1,30.350646257400513,0.6404833836858006
CHEMBL5236596,23,33.45454545454545,[#6]1:&@[#6]:&@[#6]:&@[#6]:&@[#6]:&@[#6]:&@1-&!@[#16](=&!@[#8])(=&!@[#8])-&!@[#7]-&!@[#6]1:&@[#6]:&@[#6]:&@[#6]2:&@[#6](:&@[#6]:&@1)-&@[#6]-&@[#6]-&@[#6]-&@[#7]-&@2-&!@[#6](-&!@[#6])=&!@[#8],1.0790915489196777,0.6875
CHEMBL5247657,28,34.21951219512195,"[#6]=,#;!@[#6]-&!@[#6](=&!@[#8])-&!@[#7]1-&@[#6]-&@[#6]-&@[#6](-&@[#6]-&@[#6]-&@1)-&!@[#6]1-&@[#6]-&@[#6]-&@[#7]-&@[#6]2:&@[#7]-&@1:&@[#7]:&@[#6](:&@[#6]:&@2-&!@[#6](-&!@[#7])=&!@[#8])-&!@[#6]1:&@[#6]:&@[#6]:&@[#6]:&@[#6]:&@[#6]:&@1",30.15198564529419,0.8182466143977192
CHEMBL5260844,14,19.13953488372093,[#6]-&!@[#6]1-&@[#6]-&@[#6](=&!@[#8])-&@[#7]-&@[#7]=&@[#6]-&@1-&!@[#6]1:&@[#6]:&@[#6]:&@[#6]:&@[#6]:&@[#6]:&@1,0.005533933639526367,0.7314702308626975
CHEMBL5316284,18,22.25,[#6](-&@[#6]-&@[#6]-&@[#6]-&@[#6])-&@[#6](-&@[#6])-&!@[#7]-&!@[#6](=&!@[#8])-&!@[#6]-&!@[#7]-&!@[#6]1:&@[#6]:&@[#6]:&@[#6]:&@[#6]:&@[#6]:&@1,0.0451810359954834,0.8089887640449438
CHEMBL5316299,24,32.610169491525426,[#7]-&!@[#16](=&!@[#8])(=&!@[#8])-&!@[#6]1:&@[#6]:&@[#6]:&@[#6](:&@[#6]:&@[#6]:&@1)-&!@[#6](=&!@[#8])-&!@[#7]-&!@[#6]1:&@[#7]:&@[#6](:&@[#6]:&@[#16]:&@1)-&!@[#6]1:&@[#6]:&@[#6]:&@[#6]:&@[#6]:&@[#6]:&@1,2.3055686950683594,0.7359667359667359
CHEMBL5316315,19,26.666666666666668,"[#6]-&!@[#6]1:&@[#7]:&@[#6](:&@[#6]:&@[#16]:&@1)-&!@[#6](-&!@[#6])(-&!@[#6])-&!@[#7]-&!@[#6](=&!@[#8])-&!@[#8]-&!@[#6]1-,:;@[#6]-,:;@[#7]-,:;@[#6]-,:;@[#6]-,:;@[#6]-,:;@1",0.6279973983764648,0.7125
CHEMBL5325416,23,37.375,"[#8]=,-;!@[#16](-,=;!@[#8])-&!@[#6]1-&@[#6]-&@[#6]2-&@[#8]-&@[#6]-&@1-&@[#6](=&@[#6]-&@2-&!@[#6]1:&@[#6]:&@[#6]:&@[#6](:&@[#6]:&@[#6]:&@1)-&!@[#8])-&!@[#6]1:&@[#6]:&@[#6]:&@[#6]:&@[#6]:&@[#6]:&@1",30.32291555404663,0.6153846153846154
CHEMBL5338751,26,35.609756097560975,[#6]-&!@[#6]1:&@[#8]:&@[#7]:&@[#6](:&@[#6]:&@1-&!@[#6]-&!@[#8]-&!@[#6]1:&@[#6]:&@[#6]:&@[#6](:&@[#6]:&@[#6]:&@1)-&!@[#6]1:&@[#6]:&@[#6]:&@[#6]:&@[#6]:&@[#6]:&@1)-&!@[#6]1:&@[#6]:&@[#6]:&@[#6]:&@[#6]:&@[#6]:&@1,19.76448965072632,0.7301369863013699
CHEMBL5338791,19,30.022727272727273,"[#7]-&!@[#6]1:&@[#6]:&@[#7]:&@[#6](:&@[#6](:&@[#7]:&@1)-&!@[#6]1:&@[#6]:&@[#6]:&@[#6]:&@[#6]:&@[#6]:&@1)-&!@[#6]1:,-;@[#6]:,-;@[#6]:,-;@[#6]:,-;@[#6]:,-;@[#6]:,-;@1",2.4107062816619873,0.6328538985616957
CHEMBL5338805,25,32.52777777777778,[#6]1:&@[#6]:&@[#6](-&!@[#6]-&!@[#7]2-&@[#6]-&@[#6]-&@[#7](-&@[#6]-&@2=&!@[#8])-&!@[#6]2:&@[#6]:&@[#6]:&@[#6]:&@[#6]:&@[#6]:&@2):&@[#6]:&@[#6]:&@[#6]:&@1-&!@[#8]-&!@[#6](-&!@[#6])-&!@[#6](=&!@[#8])-&!@[#8],3.5820419788360596,0.7685738684884714
CHEMBL5346950,17,22.59090909090909,[#6]1:&@[#6]:&@[#6]:&@[#6]:&@[#6](:&@[#6]:&@1)-&!@[#6]1:&@[#6]:&@[#6]:&@[#6](:&@[#6]:&@[#6]:&@1)-&!@[#6](-&!@[#6])-&!@[#6](=&!@[#8])-&!@[#8],0.46976447105407715,0.7525150905432596
CHEMBL5357068,21,32.3125,[#6]-&!@[#6]-&!@[#6]-&!@[#7]-&!@[#6]1:&@[#7]:&@[#6](-&!@[#7]):&@[#7]:&@[#6]2:&@[#6]:&@1:&@[#7](:&@[#7]:&@[#6]:&@2)-&!@[#6]-&!@[#6]1:&@[#6]:&@[#6]:&@[#6]:&@[#6]:&@[#6]:&@1,6.586151123046875,0.6499032882011605
CHEMBL5365462,23,34.85294117647059,[#6]-&!@[#6]1:&@[#6](-&!@[#8]-&!@[#6]-&!@[#6]2:&@[#7]:&@[#7]:&@[#6](:&@[#8]:&@2)-&!@[#16]-&!@[#6]-&!@[#6]):&@[#6]:&@[#6]:&@[#6]:&@[#6]:&@1-&!@[#6]1:&@[#6]:&@[#6]:&@[#6]:&@[#6]:&@[#6]:&@1,8.850557088851929,0.659915611814346
CHEMBL5365473,20,31.838709677419356,[#6]-&!@[#16](=&!@[#8])(=&!@[#8])-&!@[#7]-&!@[#6](=&!@[#8])-&!@[#7]-&!@[#6]1:&@[#6]2:&@[#6](:&@[#6]:&@[#6]3:&@[#6]:&@1-&@[#6]-&@[#6]-&@[#6]-&@3)-&@[#6]-&@[#6]-&@[#6]-&@2,0.13435864448547363,0.6281661600810536
CHEMBL5370650,16,23.742857142857144,[#6]-&!@[#6]-&!@[#8]-&!@[#6](=&!@[#8])-&!@[#6]-&!@[#8]-&!@[#6](=&!@[#8])-&!@[#7]-&!@[#6]1:&@[#6]:&@[#6]:&@[#6]:&@[#6]:&@[#6]:&@1,0.020361900329589844,0.6738868832731648
CHEMBL5370655,25,39.659574468085104,[#6]1:&@[#6]:&@[#6](-&!@[#7]-&!@[#6]2:&@[#7]:&@[#6]:&@[#6]:&@[#6](:&@[#7]:&@2)-&!@[#6]2:&@[#16]:&@[#6]:&@[#7]:&@[#6]:&@2-&!@[#6]2:&@[#6]:&@[#6]:&@[#6](:&@[#6]:&@[#6]:&@2)-&!@[#9]):&@[#6]:&@[#6]:&@[#6]:&@1,30.2384090423584,0.6303648068669528
CHEMBL5375972,26,38.546875,"[#6]-,#;!@[#6]-&!@[#6]-&!@[#7]-&!@[#16](=&!@[#8])(=&!@[#8])-&!@[#6]1:&@[#6]:&@[#6]:&@[#6]2:&@[#6](:&@[#6]:&@1)-&@[#6]-&@[#6](-&@[#6]-&@2)-&!@[#7]-&!@[#6]-&!@[#6]1:&@[#6]:&@[#6]:&@[#6]:&@[#6]:&@[#6]:&@1-&!@[#8]-&!@[#6]",22.35176372528076,0.6745034454803405
CHEMBL5380791,38,44.53125,"[#8]=&!@[#6]1-&@[#6]-&@[#6]-&@[#6]-&@[#6]-&@[#6]-&@[#6]-&@[#6]-&@[#6]-&@[#6]-&@[#6]-&@[#6]-&@[#7]-&@[#6](-&@[#6]-&@[#7]-&@[#6](-&@[#6](=,-;@[#6]-&@[#6]=,-;@[#6](-&@[#6]-&@[#7]-&@1)-&!@[#6]1:&@[#6]:&@[#6]:&@[#6]:&@[#6]:&@[#6]:&@1)-&!@[#6]1:&@[#6]:&@[#6]:&@[#6]:&@[#6]:&@[#6]:&@1)=&!@[#8])=&!@[#8]",1.0692579746246338,0.8533333333333334
CHEMBL5380856,28,40.743589743589745,[#6]-&!@[#6]-&!@[#7]1:&@[#7]:&@[#6](:&@[#6]:&@[#6]:&@1-&!@[#6](=&!@[#8])-&!@[#7]-&!@[#6]1:&@[#7]:&@[#6]2:&@[#6](:&@[#7]:&@1-&!@[#6]-&!@[#6]-&!@[#6]-&!@[#7]-&!@[#6]):&@[#6](:&@[#6]:&@[#6](:&@[#6]:&@2)-&!@[#6])-&!@[#8]-&!@[#6])-&!@[#6],30.620976448059082,0.6872246696035242
CHEMBL5390265,35,49.029411764705884,[#6]#&!@[#6]-&!@[#6]1:&@[#6](-&!@[#9]):&@[#6]:&@[#6]:&@[#6]2:&@[#6]:&@1:&@[#6](:&@[#6]:&@[#6]:&@[#6]:&@2)-&!@[#6]1:&@[#7]:&@[#6]:&@[#6]2:&@[#6](:&@[#6]:&@1-&!@[#9]):&@[#7]:&@[#6](:&@[#7]:&@[#6]:&@2-&!@[#7])-&!@[#8]-&!@[#6]-&!@[#6]12-&@[#6]-&@[#6]-&@[#6]-&@[#7]-&@1-&@[#6]-&@[#6]-&@[#6]-&@2,30.054556608200073,0.7138572285542891
CHEMBL5500412,20,31.357142857142858,[#7]-&!@[#6]1:&@[#7]:&@[#6](:&@[#7]:&@[#7]:&@1-&!@[#6](=&!@[#8])-&!@[#6]1:&@[#6]:&@[#6]:&@[#6]:&@[#6]:&@[#6]:&@1)-&!@[#6]1:&@[#6]:&@[#6]:&@[#6]:&@[#6]:&@[#7]:&@1,1.596325397491455,0.6378132118451025
CHEMBL5506050,19,29.355555555555554,[#7]-&!@[#6]1:&@[#7]:&@[#6]:&@[#7]:&@[#6]2:&@[#6]:&@1:&@[#7]:&@[#6]:&@[#7]:&@2-&!@[#6]1-&@[#8]-&@[#6](-&@[#6](-&@[#6]-&@1-&!@[#8])-&!@[#8])-&!@[#6]-&!@[#8],0.08725643157958984,0.6472369417108251
CHEMBL5512667,26,40.63636363636363,[#6]1:&@[#6]:&@[#6]:&@[#6]:&@[#6]:&@[#6]:&@1-&!@[#8]-&!@[#6]1:&@[#7]:&@[#6]:&@[#6]:&@[#6]:&@[#6]:&@1-&!@[#6]1:&@[#6]:&@[#6]:&@[#7]:&@[#6](:&@[#7]:&@1)-&!@[#7]-&!@[#6]1-&@[#6]-&@[#6]-&@[#6]-&@[#7]-&@[#6]-&@1,30.3995623588562,0.639821029082774
CHEMBL5512695,17,22.387096774193548,[#8]=&!@[#6](-&!@[#6]-&!@[#8]-&!@[#6]1:&@[#6]:&@[#6]:&@[#6]:&@[#6]:&@[#6]:&@1)-&!@[#7]-&!@[#6]1:&@[#6]:&@[#6]:&@[#6]:&@[#6]:&@[#6]:&@1,0.18762445449829102,0.7593659942363112
CHEMBL5518235,26,41.69767441860465,"[#6]-&!@[#8]-&!@[#6]1:&@[#6]:&@[#6]:&@[#6]:&@[#6]:&@[#6]:&@1-&!@[#6](=&!@[#8])-&!@[#7]-&!@[#6]1:,-;@[#6]:,-;@[#6]:,-,=;@[#6]:,-;@[#6]:,-;@[#6]:,-;@1-&!@[#6](=&!@[#8])-&!@[#7]-&!@[#6]1:&@[#6]:&@[#6]:&@[#6]:&@[#6]:&@[#6]:&@1",30.38853096961975,0.6235359732292248
CHEMBL5518236,31,39.55555555555556,[#6]1:&@[#6]:&@[#6]:&@[#6](:&@[#6]:&@[#6]:&@1-&!@[#6](=&!@[#8])-&!@[#7]-&!@[#6]1-&@[#6]2-&@[#6]-&@[#6]-&@[#6](-&@[#6]-&@1-&!@[#6](=&!@[#8])-&!@[#7]-&!@[#6])-&@[#6]-&@2)-&!@[#8]-&!@[#6]1-&@[#6]-&@[#6]-&@[#6](-&@[#6]-&@[#6]-&@1)(-&!@[#6])-&!@[#6](=&!@[#8])-&!@[#8],30.190155029296875,0.7837078651685393
CHEMBL5518244,22,33.285714285714285,[#6]-&!@[#6](-&!@[#8])(-&!@[#6]#&!@[#6]-&!@[#6]1:&@[#6]:&@[#6]2:&@[#7](:&@[#7]:&@1)-&@[#6]-&@[#6]-&@[#6]-&@[#7]-&@2-&!@[#6]1:&@[#6]:&@[#6]:&@[#7]:&@[#6](:&@[#7]:&@1)-&!@[#7])-&!@[#6],30.33043909072876,0.6609442060085837
CHEMBL5523760,18,27.306122448979593,[#9]-&!@[#6]1:&@[#6]:&@[#6]:&@[#6](:&@[#6]:&@[#6]:&@1-&!@[#9])-&!@[#6]1-&@[#6]-&@[#6]-&@1-&!@[#7]-&!@[#6]-&!@[#6]1:&@[#6]:&@[#7]:&@[#7]:&@[#7]:&@1,1.6558995246887207,0.6591928251121076
CHEMBL5523766,19,30.61764705882353,[#6]-&!@[#6]1-&@[#6]-&@[#8]-&@[#6]-&@[#6]-&@[#7]-&@1-&!@[#6]1:&@[#7]:&@[#6](-&!@[#6]2:&@[#6]:&@[#6]:&@[#6]:&@[#6]:&@[#6]:&@2):&@[#7]:&@[#6]:&@[#6]:&@1,5.435937881469727,0.6205571565802114
CHEMBL5528028,19,28.641975308641975,[#6]-&!@[#6]-&!@[#8]-&!@[#6](=&!@[#8])-&!@[#6]1:&@[#6]:&@[#7](-&!@[#6]-&!@[#6]):&@[#6]2:&@[#6](:&@[#6]:&@1=&!@[#8]):&@[#6]:&@[#6](:&@[#6]:&@[#6]:&@2)-&!@[#9],0.6258385181427002,0.6633620689655173
CHEMBL5528073,20,28.848484848484848,[#8]=&!@[#6]1-&@[#8]-&@[#6](-&@[#6]2:&@[#6]-&@1:&@[#6]:&@[#6]:&@[#6]:&@[#6]:&@2)-&!@[#6]-&!@[#6]-&!@[#6]-&!@[#7]1-&@[#6]-&@[#6]-&@[#7](-&@[#6]-&@[#6]-&@1)-&!@[#6],9.90817904472351,0.6932773109243697
CHEMBL5532720,19,23.96875,[#8]=&!@[#6](-&!@[#7]-&!@[#6]1:&@[#6]:&@[#6]:&@[#6]:&@[#6]:&@[#6]:&@1)-&!@[#7]-&!@[#6]1:&@[#7]:&@[#6]2:&@[#6](:&@[#16]:&@1):&@[#6]:&@[#6]:&@[#6]:&@[#6]:&@2,0.14819765090942383,0.7926988265971316
CHEMBL5543108,21,27.17391304347826,[#6]1:&@[#6]:&@[#6]:&@[#6]:&@[#6](:&@[#6]:&@1)-&!@[#6]1:&@[#6]:&@[#6](-&!@[#7]-&!@[#6]-&!@[#6]2:&@[#6]:&@[#6]:&@[#6]:&@[#6]:&@[#6]:&@2):&@[#7]:&@[#6](:&@[#7]:&@1)-&!@[#7],0.020864009857177734,0.7727999999999999
CHEMBL5576108,22,30.11111111111111,[#6]-&!@[#6]1:&@[#6]:&@[#8]:&@[#6]2:&@[#6]:&@1:&@[#7]:&@[#6]:&@[#6](:&@[#6]:&@2)-&!@[#6]1:&@[#6]:&@[#6]:&@[#6](:&@[#6]:&@[#6]:&@1)-&!@[#7]1-&@[#6]-&@[#6]-&@[#7]-&@[#6]-&@[#6]-&@1,9.590532541275024,0.7306273062730627
CHEMBL5579895,26,36.833333333333336,[#6]-&!@[#6](-&!@[#8]-&!@[#6]1:&@[#6]:&@[#6]:&@[#6]2:&@[#6](:&@[#6]:&@1):&@[#6](:&@[#7]:&@[#7]:&@2)-&!@[#6]1:&@[#6]:&@[#6]:&@[#6]:&@[#7]:&@[#6]:&@1)-&!@[#6]1:&@[#6](-&!@[#17]):&@[#6]:&@[#7]:&@[#6]:&@[#6]:&@1-&!@[#17],30.14783000946045,0.7058823529411764
CHEMBL5579896,21,29.115384615384617,"[#6]-&!@[#6]1:&@[#7]:&@[#6](-&!@[#7]-&!@[#6]2:,-;@[#6]:,-;@[#6]:,-;@[#6](:,-;@[#6]:,-;@[#6]:,-;@2)-&!@[#7](-&!@[#6])-&!@[#6]):&@[#6]2:&@[#6](:&@[#7]:&@1):&@[#6]:&@[#6]:&@[#6]:&@[#6]:&@2",10.538251399993896,0.7212681638044913
CHEMBL5579901,19,29.51063829787234,[#6]-&!@[#6]-&!@[#16]-&!@[#6]1:&@[#7]:&@[#6]2:&@[#7](:&@[#7]:&@1):&@[#6](:&@[#6]:&@[#6](:&@[#7]:&@2)-&!@[#6])-&!@[#6]1:&@[#6]:&@[#6]:&@[#6]:&@[#6]:&@[#6]:&@1,7.668845891952515,0.6438356164383562
CHEMBL5584303,18,28.941176470588236,[#8]=&!@[#6]1-&@[#7]-&@[#6]:&@[#6]-&@[#6]-&@12-&@[#6]-&@[#6]-&@[#6](-&@[#6]-&@[#6]-&@2)-&!@[#8]-&!@[#6]1:&@[#7]:&@[#6]:&@[#6]:&@[#6]:&@[#6]:&@1,30.2542245388031,0.6219512195121951
CHEMBL5614442,16,23.28205128205128,"[#6]1:&@[#6]:&@[#6]:&@[#6]:&@[#6]:&@[#6]:&@[#6](:&@[#7]:&@[#6]:&@[#6]:&@1)-&!@[#6]1:,-;@[#6]:,-;@[#6]:,-;@[#6]:,-;@[#6]:,-;@[#6]:,-;@1",0.47561120986938477,0.6872246696035242
CHEMBL5625216,22,30.405405405405407,[#6]-&!@[#8]-&!@[#6]1:&@[#6]:&@[#6](-&!@[#6]2:&@[#7]:&@[#7]:&@[#6]3:&@[#6]:&@2:&@[#6]:&@[#6](:&@[#6]:&@[#7]:&@3)-&!@[#6]):&@[#6]:&@[#6](:&@[#6]:&@1-&!@[#8]-&!@[#6])-&!@[#8]-&!@[#6],30.455902814865112,0.7235555555555555
CHEMBL5625242,17,27.90909090909091,"[#8]=&!@[#16](=&!@[#8])(-&!@[#6]1:&@[#6]:&@[#6]:&@[#6]:&@[#6]:&@[#6]:&@1)-&!@[#7]1-&@[#6](-&@[#6])-&@[#6]-&@[#6]-,:;@[#6](-&@[#6]-&@1)-,:;@[#6]",2.5266599655151367,0.6091205211726384
CHEMBL5634145,22,34.875,[#6]1:&@[#7]:&@[#6]:&@[#6]:&@[#6]:&@[#6]:&@1-&!@[#6](=&!@[#8])-&!@[#7]-&!@[#6]1:&@[#7]:&@[#6]2:&@[#6](:&@[#7]:&@1-&!@[#6]):&@[#6]:&@[#6]:&@[#6](:&@[#6]:&@2)-&!@[#6](-&!@[#7])=&!@[#8],0.8840358257293701,0.6308243727598566
CHEMBL5634150,17,25.419354838709676,"[#6]1:&@[#6]:&@[#6]:&@[#6](:&@[#6]:&@[#6]:&@1)-&!@[#7]1-&@[#6]-,:;@[#6]-,:;@[#6](=,-;!@[#8])-,:;@[#6]:&@[#6]:&@[#6]:,-;@[#6]:,-;@[#6]:,-;@[#6]-&@1",2.7042014598846436,0.6687817258883249
CHEMBL6083192,18,28.516129032258064,"[#6]-&!@[#7]-&!@[#6](=&!@[#8])-&!@[#6]-&!@[#6]-&!@[#7]1:&@[#6](-&!@[#6]2:&@[#6]:&@[#6]:&@[#6]:&@[#6]:&@[#6]:&@2):&@[#7]:&@[#7]:&@[#6]:&@1=,-;!@[#16]",0.10050153732299805,0.6312217194570136
CHEMBL6092202,16,25.314285714285713,[#6]-&!@[#8]-&!@[#6]1:&@[#6]:&@[#6]2:&@[#7]:&@[#6]:&@[#7]:&@[#6](:&@[#6]:&@2:&@[#6]:&@[#6]:&@1-&!@[#8]-&!@[#6])-&!@[#7]-&!@[#6],1.281952142715454,0.6320541760722348
CHEMBL6096720,20,32.41509433962264,"[#6]-&!@[#8]-&!@[#6]1:&@[#6]:&@[#6]:&@[#6]:&@[#6]:&@[#6]:&@1-&!@[#7]-&!@[#6]1:&@[#6](-&!@[#6]):&@[#7]:&@[#6]2:&@[#6]:&@1-,:;@[#6](=&!@[#8])-,:;@[#7]-,:;@[#6]-,:;@[#6]-,:;@2",11.191296815872192,0.6169965075669384
CHEMBL6096731,18,22.236842105263158,[#7]-&!@[#6]1:&@[#7]:&@[#6](-&!@[#8]-&!@[#6]-&!@[#6]2:&@[#6]:&@[#6]:&@[#6]:&@[#6]:&@[#6]:&@2):&@[#6]2:&@[#6](:&@[#7]:&@1):&@[#7]:&@[#6]:&@[#7]:&@2,0.024749279022216797,0.8094674556213017
CHEMBL6103629,21,34.096774193548384,[#6]-&!@[#6]1:&@[#7]:&@[#7]:&@[#6](:&@[#6]:&@1-&!@[#6]1:&@[#6]:&@[#6](-&!@[#7]2-&@[#6]-&@[#6]3-&@[#6]-&@[#6]-&@[#6](-&@[#6]-&@2)-&@[#8]-&@3):&@[#7]:&@[#6]:&@[#7]:&@1)-&!@[#6],1.2304110527038574,0.6158940397350994
CHEMBL6103640,21,34.63636363636363,[#6]-&!@[#6](=&!@[#8])-&!@[#7]-&!@[#6]1:&@[#7]:&@[#6](:&@[#6](:&@[#16]:&@1)-&!@[#6]1:&@[#6]:&@[#6]:&@[#6]:&@[#6](:&@[#6]:&@1)-&!@[#16](=&!@[#8])(=&!@[#8])-&!@[#7]-&!@[#6])-&!@[#6],5.617462158203125,0.6062992125984252
CHEMBL6109131,16,26.636363636363637,"[#6]-&!@[#6]-&!@[#7](-&!@[#6])-&!@[#6](=&!@[#8])-&!@[#6]1-&@[#6]-&@[#8]-&@[#6]2:&@[#6](-&@[#6]-,=;@1):&@[#6]:&@[#6]:&@[#6]:&@[#6]:&@2",0.015688180923461914,0.6006825938566552
CHEMBL6114960,25,34.54,[#6]-&!@[#6]1:&@[#6]:&@[#6]:&@[#6](:&@[#6]:&@[#6]:&@1)-&!@[#8]-&!@[#6]-&!@[#6]1:&@[#6](-&!@[#6]2:&@[#6](-&!@[#17]):&@[#6]:&@[#6]:&@[#6]:&@[#6]:&@2-&!@[#17]):&@[#7]:&@[#8]:&@[#6]:&@1-&!@[#6]1-&@[#6]-&@[#6]-&@1,1.090749740600586,0.7237984944991315
CHEMBL6120968,19,29.818181818181817,[#6]1:&@[#8]:&@[#6](:&@[#6]:&@[#6]:&@1-&!@[#6](=&!@[#8])-&!@[#7]-&!@[#6]1:&@[#7]:&@[#6]:&@[#7]:&@[#16]:&@1)-&!@[#6]1:&@[#6]:&@[#6]:&@[#6]:&@[#6]:&@[#6]:&@1,1.2129602432250977,0.6371951219512195
CHEMBL6127078,25,36.90909090909091,[#6]-&!@[#6]-&!@[#7]1-&@[#6]2-&@[#6]-&@[#6]-&@1-&@[#6]-&@[#7](-&@[#6]-&@2)-&!@[#6]1:&@[#6]:&@[#6]:&@[#6](:&@[#6]:&@[#7]:&@1)-&!@[#6]1:&@[#7]:&@[#6]:&@[#6]:&@[#6]2:&@[#6]:&@1:&@[#6]:&@[#6]:&@[#6]:&@[#7]:&@2,14.44375205039978,0.6773399014778325
CHEMBL6134847,23,35.440677966101696,"[#8]=&!@[#6](-&!@[#7]-&!@[#6]1:,-;@[#6]:,-;@[#6]:,-;@[#6]:,-;@[#6]:,-;@[#6]:,-;@1)-&!@[#7]-&!@[#6]1-&@[#6]-&@[#6]-&@[#6](-&@[#6]-&@[#6]-&@1)-&!@[#8]-&!@[#6]1:&@[#6]:&@[#6]:&@[#6]:&@[#6]:&@[#6]:&@1",5.714845418930054,0.6489717838354854
CHEMBL6134892,33,43.1875,"[#6]1:&@[#6]:&@[#6]:&@[#6](:&@[#6]:&@[#6]:&@1)-&!@[#6]-&!@[#8]-&!@[#6]1:&@[#6]:&@[#6]:&@[#6]:&@[#6](:&@[#7]:&@1)-&!@[#6]1:,=;@[#6]:,-;@[#6]:,-;@[#6](:,-;@[#6]:,-;@[#6]:,-;@1)-&!@[#6]-&!@[#6]1:&@[#7]:&@[#6]2:&@[#6](:&@[#7]:&@1-&!@[#6]-&!@[#6]):&@[#6]:&@[#6](:&@[#6]:&@[#6]:&@2)-&!@[#6]",30.071208953857422,0.76410998552822
CHEMBL6153114,24,31.738095238095237,[#6]-&!@[#6]1:&@[#7]:&@[#6]2:&@[#6](:&@[#7]:&@1-&!@[#6]-&!@[#6]1:&@[#6]:&@[#6]:&@[#6]:&@[#6]:&@[#6]:&@1):&@[#6](=&!@[#8]):&@[#7](:&@[#6](:&@[#7]:&@2-&!@[#6])=&!@[#8])-&!@[#6]-&!@[#6]-&!@[#6]-&!@[#8],0.915219783782959,0.7561890472618155
CHEMBL6153138,26,42.68627450980392,[#6]-&!@[#6]-&!@[#6](-&!@[#6]-&!@[#7]1:&@[#6]:&@[#6]:&@[#7](:&@[#6]:&@1)-&!@[#6]-&!@[#6]1:&@[#6]:&@[#6]:&@[#6]:&@[#6]:&@[#6]:&@1)-&!@[#7]-&!@[#6](=&!@[#8])-&!@[#7]-&!@[#6]1:&@[#6]:&@[#6]:&@[#6]:&@[#6]:&@[#6]:&@1,9.43598461151123,0.6090950849793293
CHEMBL6177960,26,39.028169014084504,[#7]-&!@[#6]-&!@[#6]1:&@[#6]:&@[#6]2:&@[#6](:&@[#7]:&@1):&@[#6](:&@[#7](:&@[#6]:&@[#6]:&@2-&!@[#6])-&!@[#6]1:&@[#6]:&@[#6]:&@[#6]:&@[#6](:&@[#6]:&@1)-&!@[#6]-&!@[#6]1:&@[#7]:&@[#7]:&@[#6]:&@[#7]:&@1-&!@[#6])=&!@[#8],30.085328578948975,0.6661854926019488
CHEMBL6177977,20,27.618181818181817,[#7]#&!@[#6]-&!@[#6]1:&@[#6]:&@[#7]:&@[#6](:&@[#6]:&@[#7]:&@1)-&!@[#7]-&!@[#6]1:&@[#6]:&@[#7](:&@[#6]:&@[#7]:&@1)-&!@[#6]1:&@[#6]:&@[#6]:&@[#6]:&@[#6]:&@[#6]:&@1,0.03963828086853027,0.7241606319947334
CHEMBL6177987,21,31.682926829268293,[#6]-&!@[#6](-&!@[#6])(-&!@[#8])-&!@[#6]1:&@[#6]:&@[#6]:&@[#6]:&@[#6]2:&@[#6]:&@1:&@[#7]:&@[#6](:&@[#7]:&@[#6]:&@2)-&!@[#7]-&!@[#6]1:&@[#6]:&@[#6]:&@[#6]:&@[#6]:&@[#6]:&@1,27.288469076156616,0.6628175519630485
CHEMBL6182893,14,20.2,[#6]-&!@[#6]-&!@[#7]-&!@[#6]1:&@[#7]:&@[#6](:&@[#6]:&@[#16]:&@1)-&!@[#6]1:&@[#6]:&@[#6]:&@[#6]:&@[#6]:&@[#6]:&@1,0.061604976654052734,0.6930693069306931
CHEMBL1153522,19,28.151515151515152,"[#7]-&!@[#6](=&!@[#8])-&!@[#6]1:&@[#6]:&@[#6]:&@[#6](:&@[#6]:&@[#6]:&@1)-&!@[#6]1=,-;@[#6]-&@[#6]-&@[#8]-&@[#6]2:&@[#6]-&@1:&@[#6]:&@[#6]:&@[#6]:&@[#6]:&@2",13.293832778930664,0.6749192680301399
CHEMBL1781999,16,20.883333333333333,"[#6]1:&@[#6]:&@[#6](-&!@[#7]-&!@[#6]2-,:;@[#6]-,:;@[#6]-,:;@[#6]-,:;@[#6]-,:;@[#6]-,:;@2):&@[#7]2:&@[#6](:&@[#7]:&@1):&@[#7]:&@[#6]:&@[#7]:&@2",1.0319774150848389,0.7661612130885874
CHEMBL1806486,23,35.84375,[#6]-&!@[#7]-&!@[#6]1:&@[#6]:&@[#6](:&@[#7]:&@[#7]:&@1)-&!@[#6]1:&@[#6]:&@[#6]:&@[#6]:&@[#6](:&@[#6]:&@1)-&!@[#7]-&!@[#16](=&!@[#8])(=&!@[#8])-&!@[#6]1:&@[#6]:&@[#6]:&@[#6]:&@[#6]:&@[#6]:&@1,9.625366449356079,0.6416739319965127
CHEMBL1817582,21,28.64516129032258,[#8]=&!@[#6](-&!@[#6]=&!@[#6]-&!@[#6]1:&@[#6]:&@[#6]:&@[#6](:&@[#6]:&@[#6]:&@1)-&!@[#6]-&!@[#7]-&!@[#6]-&!@[#6]-&!@[#6]1:&@[#6]:&@[#7]:&@[#6]:&@[#6]:&@1)-&!@[#7]-&!@[#8],0.5521490573883057,0.7331081081081081
CHEMBL1921678,25,37.51111111111111,"[#6]-&!@[#6]1-&@[#6]-&@[#6]-&@[#6](-&@[#6]-&@[#6]-&@1)-&!@[#7]-&!@[#6]-&!@[#6]1-&@[#6]-&@[#6]-&@[#7](-&@[#6]-&@[#6]-&@1)-&!@[#6](=&!@[#8])-&!@[#6]=,-;!@[#6]-&!@[#6]1:&@[#6]:&@[#6]:&@[#6]:&@[#6]:&@[#6]:&@1",30.210427045822144,0.6664691943127962
CHEMBL2034824,30,36.095238095238095,[#6]1:&@[#6]:&@[#6]:&@[#6](:&@[#6]:&@[#7]:&@1)-&!@[#6](-&!@[#6](=&!@[#8])-&!@[#7])-&!@[#7]1-&@[#6](=&!@[#8])-&@[#6](-&!@[#6]2-&@[#6]-&@[#6]3:&@[#6](-&@[#6]-&@2):&@[#6]:&@[#6]:&@[#6]:&@[#6]:&@3)-&@[#7]-&@[#6](-&@[#6]-&@1-&!@[#6]-&!@[#6]-&!@[#6])=&!@[#8],30.18662738800049,0.8311345646437995
CHEMBL2057102,17,22.024390243902438,"[#6]-&!@[#6]1:&@[#7]:&@[#7](-&!@[#6]2-,:;@[#6]-,:;@[#6]-,:;@[#6]-,:;@[#6]-,:;@[#6]-,:;@2):&@[#6](:&@[#6]2:&@[#6]:&@1:,-;@[#6]:,-;@[#16]:,-;@[#6]:,-;@2)=&!@[#8]",0.2641468048095703,0.7718715393133998
CHEMBL2157860,29,32.97435897435897,[#6]-&!@[#7]1-&@[#6]-&@[#6]-&@[#6](-&@[#6]-&@[#6]-&@1)-&!@[#6]1:&@[#6]:&@[#6]:&@[#6](:&@[#6](:&@[#6]:&@1)-&!@[#6]1=&@[#6]-&@[#6]-&@[#6]-&@[#6]-&@[#6]-&@1)-&!@[#7]-&!@[#6](=&!@[#8])-&!@[#6]1:&@[#7]:&@[#6]:&@[#6](:&@[#7]:&@1)-&!@[#6]#&!@[#7],8.684875011444092,0.8794712286158632
CHEMBL3232708,18,29.916666666666668,[#6]-&!@[#6]-&!@[#7]1-&@[#6]-&@[#6]-&@[#6]2-&@[#6](-&@[#6]-&@1)-&@[#6]1:&@[#6]:&@[#6]:&@[#6]:&@[#6]3:&@[#6]:&@1-&@[#7]-&@2-&@[#6]-&@[#6]-&@[#7]-&@3,25.67703652381897,0.6016713091922006
CHEMBL3351481,20,31.30952380952381,[#6]-&!@[#8]-&!@[#6]1:&@[#6]:&@[#6](-&!@[#6]2:&@[#7]:&@[#6]:&@[#7](:&@[#7]:&@2)-&!@[#6]):&@[#6]:&@[#6]:&@[#6]:&@1-&!@[#7]1:&@[#6]:&@[#7]:&@[#6](:&@[#6]:&@1)-&!@[#6],10.55212950706482,0.6387832699619772
CHEMBL3351614,17,26.27906976744186,[#6]-&!@[#6](-&!@[#6])(-&!@[#6])-&!@[#7]-&!@[#6](=&!@[#8])-&!@[#6]1:&@[#7]:&@[#7](:&@[#6]2:&@[#6]:&@1-&@[#6]-&@[#6]1-&@[#6]-&@2-&@[#6]-&@1)-&!@[#6],5.575757265090942,0.6469026548672566
CHEMBL3769379,20,26.805555555555557,[#6]-&!@[#7]1:&@[#7]:&@[#6](:&@[#6](:&@[#6]:&@1-&!@[#7])-&!@[#6](-&!@[#7])=&!@[#8])-&!@[#6]1:&@[#6]:&@[#7]:&@[#6]2:&@[#6](:&@[#6]:&@1):&@[#6]:&@[#6]:&@[#6]:&@[#6]:&@2,3.615204095840454,0.7461139896373057
CHEMBL3853265,15,22.416666666666668,[#8]=&!@[#16](=&!@[#8])(-&!@[#7]-&!@[#6])-&!@[#6]1:&@[#6]:&@[#6]:&@[#6]:&@[#6]:&@[#6]:&@1-&!@[#6](-&!@[#9])(-&!@[#9])-&!@[#9],0.39607882499694824,0.6691449814126393
CHEMBL3853331,21,29.763157894736842,"[#6]-&!@[#6]1=&@[#7]-&@[#7](-&@[#6](-&@[#6]-&@1)-&!@[#6]1:&@[#6]:&@[#6]:&@[#6]:&@[#6]:&@[#6]:&@1)-&!@[#6](=&!@[#8])-&!@[#7]-&!@[#6]1:,-;@[#6]:,-;@[#6]:,-;@[#6]:,-;@[#6]:,-;@[#6]:,-;@1",3.6545281410217285,0.7055702917771883
CHEMBL4041506,22,32.645161290322584,[#6]-&!@[#6](-&!@[#6])-&!@[#6]-&!@[#6](-&!@[#7]-&!@[#6](=&!@[#8])-&!@[#6](-&!@[#6]-&!@[#6]1:&@[#6]:&@[#6]:&@[#6]:&@[#6]:&@[#6]:&@1)-&!@[#7]-&!@[#6]=&!@[#8])-&!@[#5](-&!@[#8])-&!@[#8],0.1184988021850586,0.6739130434782608
CHEMBL4043136,16,25.261904761904763,[#6]-&!@[#7]1-&@[#6]-&@[#6]-&@[#6]-&@[#7](-&@[#6](-&@[#6]-&@1)-&!@[#6])-&!@[#6]-&!@[#6]1:&@[#6]:&@[#6]:&@[#6]:&@[#6]:&@[#6]:&@1,0.0895233154296875,0.6333647502356268
CHEMBL4049458,25,37.91489361702128,[#6]-&!@[#6]1:&@[#6]:&@[#6](-&!@[#6]):&@[#6]:&@[#6](:&@[#6]:&@1-&!@[#8]-&!@[#6]1:&@[#7]:&@[#6](-&!@[#7]-&!@[#6]2-&@[#6]-&@[#6]-&@[#7](-&@[#6]-&@[#6]-&@2)-&!@[#6]-&!@[#6]):&@[#7]:&@[#6]:&@[#6]:&@1)-&!@[#6],30.313370943069458,0.659371492704826
CHEMBL4190408,18,28.372093023255815,[#7]-&!@[#6]1:&@[#7]:&@[#6](-&!@[#7]2-&@[#6]-&@[#6]-&@[#7](-&@[#6]-&@[#6]-&@2)-&!@[#6]=&!@[#8]):&@[#6]2:&@[#6](:&@[#7]:&@1):&@[#16]:&@[#6]:&@[#7]:&@2,2.53519868850708,0.6344262295081967
CHEMBL4265954,22,28.346153846153847,[#6]1:&@[#6]:&@[#16]:&@[#6](:&@[#7]:&@1)-&!@[#7]-&!@[#6](=&!@[#8])-&!@[#6]1:&@[#6]:&@[#6]:&@[#6](:&@[#6]:&@[#6]:&@1)-&!@[#6]-&!@[#7]-&!@[#6]1:&@[#6]:&@[#6]:&@[#6]:&@[#6]:&@[#6]:&@1,1.1860203742980957,0.7761194029850746
CHEMBL4270520,15,24.243243243243242,[#6]-&!@[#7]-&!@[#16](=&!@[#8])(=&!@[#8])-&!@[#6]1:&@[#6]:&@[#6]:&@[#6]:&@[#6]2:&@[#6]:&@1:&@[#6]:&@[#6]:&@[#6]:&@[#6]:&@2,0.0515904426574707,0.6187290969899666
CHEMBL4270669,25,30.59375,[#7]-&!@[#6]1:&@[#6]:&@[#6]:&@[#6](:&@[#6]:&@[#7]:&@1)-&!@[#6]1:&@[#7]:&@[#6](-&!@[#7]2-&@[#6]-&@[#6]-&@[#8]-&@[#6]-&@[#6]-&@2):&@[#7]:&@[#6](:&@[#7]:&@1)-&!@[#7]1-&@[#6]-&@[#6]-&@[#8]-&@[#6]-&@[#6]-&@1,2.418010950088501,0.8171603677221655
CHEMBL4311969,26,28.71794871794872,"[#6]-&!@[#8]-&!@[#6]1:&@[#6]:&@[#6](-&!@[#8]-&!@[#6]):&@[#6](:&@[#6]:&@[#6]:&@1-&!@[#6]=,-;!@[#6]-&!@[#6]-&!@[#8]-&!@[#6](=&!@[#8])-&!@[#6]=&!@[#6]-&!@[#6]1:&@[#6]:&@[#6]:&@[#6]:&@[#6]:&@[#6]:&@1)-&!@[#8]-&!@[#6]",0.016541481018066406,0.9053571428571429
CHEMBL4350959,17,27.857142857142858,[#6]-&!@[#6]-&!@[#7]1:&@[#6]:&@[#7]:&@[#6]2:&@[#6]:&@1:&@[#7]:&@[#7]:&@[#6]:&@[#6]:&@2-&!@[#6]1:&@[#6]:&@[#6]:&@[#6]:&@[#6]:&@[#6]:&@1,3.6326141357421875,0.6102564102564102
CHEMBL4350963,14,20.767123287671232,"[#6]-&!@[#6](=&!@[#8])-&!@[#7]1-,:;@[#7]=,:;@[#6]-,:;@[#6]-,:;@[#6]-,:;@1-&!@[#6]1:,-;@[#6]:,-;@[#6]:,-;@[#6]:,-;@[#6]:,-;@[#6]:,-;@1",0.10535120964050293,0.6741424802110818
CHEMBL4373693,21,32.77272727272727,[#6]-&!@[#7]-&!@[#6]-&!@[#6]-&!@[#6]-&!@[#7]1-&@[#6]-&@[#6]-&@[#7](-&@[#6]-&@[#6]-&@1)-&!@[#6]1:&@[#7]:&@[#6]:&@[#6]:&@[#6]2:&@[#6]:&@1:&@[#6]:&@[#6]:&@[#6]:&@[#6]:&@2,10.928443908691406,0.6407766990291262
CHEMBL4376816,25,31.323529411764707,[#6]-&!@[#8]-&!@[#6]1:&@[#6]:&@[#6](-&!@[#7](-&!@[#6]-&!@[#6])-&!@[#6]2:&@[#6]:&@[#6]:&@[#6]:&@[#6]:&@[#6]:&@2):&@[#6]:&@[#7]:&@[#6]:&@1-&!@[#6](=&!@[#8])-&!@[#6]1-&@[#6]-&@[#6]-&@1-&!@[#6](=&!@[#8])-&!@[#8],2.463177442550659,0.7981220657276995
CHEMBL4387709,16,25.60655737704918,[#6]1:&@[#6]:&@[#6](-&!@[#6](=&!@[#8])-&!@[#7]-&!@[#6]-&!@[#6]-&!@[#7]):&@[#6]2:&@[#6](:&@[#7]:&@1):&@[#6]:&@[#6]:&@[#6]:&@[#6]:&@2,0.547907829284668,0.6248399487836107
CHEMBL4477206,32,37.06666666666667,[#6]1:&@[#6]:&@[#6]:&@[#6]:&@[#6]:&@[#6]:&@1-&!@[#6]-&!@[#7]1-&@[#6]-&@[#6]-&@[#6](-&@[#6]-&@[#6]-&@1)-&!@[#6]-&!@[#7]-&!@[#6]1:&@[#7]:&@[#6](:&@[#6](:&@[#16]:&@1)-&!@[#6]1:&@[#6]:&@[#6]:&@[#6]:&@[#6]:&@[#6]:&@1)-&!@[#6]1:&@[#6]:&@[#6]:&@[#6]:&@[#6]:&@[#6]:&@1,12.369189262390137,0.8633093525179856
CHEMBL4622978,18,25.340425531914892,[#6]1:&@[#6]:&@[#6]:&@[#6]:&@[#6](:&@[#6]:&@1)-&!@[#6](=&!@[#8])-&!@[#7]-&!@[#6]1:&@[#7]:&@[#6]2:&@[#6](:&@[#16]:&@1):&@[#6]:&@[#6]:&@[#6]:&@[#6]:&@2,1.0417685508728027,0.7103274559193955
CHEMBL4665641,26,39.3235294117647,"[#6]-&!@[#6]1:&@[#6]:&@[#6]:&@[#6]2:&@[#6](:&@[#6]:&@1):&@[#6](:&@[#7]:&@[#6](:&@[#7]:&@2)-&!@[#6]1:&@[#6]:&@[#7]:&@[#7](:&@[#6]:&@1)-&!@[#6]-&!@[#6]-,=;!@[#8])-&!@[#7]1-&@[#6]-&@[#6]-&@[#8]-&@[#6]-&@[#6]-&@1-&!@[#6]",30.26753830909729,0.6611817501869859
CHEMBL4665798,18,28.920454545454547,[#6]-&!@[#6]-&!@[#16]-&!@[#6]1:&@[#7]:&@[#6]:&@[#6]:&@[#7]:&@1-&!@[#6]1:&@[#6]:&@[#6]:&@[#6]:&@[#6]2:&@[#6]:&@1:&@[#6]:&@[#6]:&@[#6]:&@[#6]:&@2,14.237849235534668,0.6223968565815324
CHEMBL4680107,19,24.857142857142858,[#7]-&!@[#6]1:&@[#7]:&@[#6]:&@[#6](:&@[#6]:&@[#6]:&@1-&!@[#6]1:&@[#6]:&@[#6]:&@[#6]:&@[#6]:&@[#6]:&@1)-&!@[#6]1:&@[#6]:&@[#6]:&@[#6]:&@[#6]:&@[#6]:&@1,2.8149406909942627,0.764367816091954
CHEMBL4680243,28,46.093023255813954,[#6]-&!@[#6]-&!@[#8]-&!@[#6](=&!@[#8])-&!@[#7]-&!@[#6](-&!@[#6]-&!@[#6])-&!@[#6](=&!@[#8])-&!@[#7]-&!@[#6]1(-&!@[#6](=&!@[#8])-&!@[#7]-&!@[#6]-&!@[#6]2:&@[#6]:&@[#6]:&@[#6]:&@[#6]:&@[#6]:&@2)-&@[#6]-&@[#6]-&@[#7]-&@[#6]-&@[#6]-&@1,4.923494100570679,0.6074672048435923
CHEMBL4715854,23,31.493827160493826,"[#7]#&!@[#6]-&!@[#6]1:&@[#6]:&@[#6]:&@[#6](:&@[#7]:&@[#6]:&@1)-&!@[#7]-&!@[#6](=&!@[#8])-&!@[#7]1-&@[#6]-&@[#6]-&@[#6]-&@[#6]2:&@[#6]-&@1:&@[#7]:&@[#6](:&@[#6]:&@[#6]:&@2)-&!@[#6]=,-;!@[#8]",3.757120132446289,0.7303018424147394
CHEMBL4765233,24,38.75925925925926,[#6]-&!@[#6]1:&@[#6]:&@[#6]:&@[#6](:&@[#6]:&@[#6]:&@1-&!@[#6]#&!@[#6]-&!@[#6]1:&@[#7]:&@[#7](:&@[#6]2:&@[#6]:&@1:&@[#6](:&@[#7]:&@[#6]:&@[#7]:&@2)-&!@[#7])-&!@[#6])-&!@[#7]-&!@[#6](=&!@[#8])-&!@[#6],30.369338035583496,0.6192068800764453
CHEMBL4765483,12,19.7125748502994,"[#6]-&!@[#8]-&!@[#6](=&!@[#8])-&!@[#6]1=&@[#6](-&!@[#6])-&@[#7]-,=;@[#6]-,:;@[#7]-&@[#6]-&@1-&!@[#6]",1.444699764251709,0.6087484811664642
CHEMBL4823315,30,35.88235294117647,[#6]-&!@[#7]1:&@[#6]:&@[#6](:&@[#7]:&@[#6]:&@1-&!@[#6]1-&@[#6]-&@[#6]-&@[#7](-&@[#6]-&@[#6]-&@1)-&!@[#6]1:&@[#6]:&@[#6](-&!@[#7]):&@[#7]:&@[#6]:&@[#7]:&@1)-&!@[#6]1:&@[#6]:&@[#6]:&@[#6](:&@[#6](:&@[#6]:&@1)-&!@[#6](-&!@[#9])(-&!@[#9])-&!@[#9])-&!@[#9],9.325440883636475,0.8360655737704918
CHEMBL4828761,24,31.425925925925927,"[#8]=&!@[#16](=&!@[#8])(-&!@[#6]1:&@[#6]:&@[#6]:&@[#6]:&@[#6]:&@[#6]:&@1)-&!@[#7]1:,-;@[#6]:,-;@[#6]:,-;@[#6]2:&@[#6]:,-;@1:&@[#6]:&@[#6]:&@[#6]:&@[#6]:&@2-&!@[#8]-&!@[#6]-&!@[#6]-&!@[#7]-&!@[#6]-&!@[#6]",28.714292526245117,0.7637006482027107
CHEMBL4831546,16,19.47222222222222,"[#6]1:&@[#6]:&@[#6]:&@[#6]2:&@[#6](:&@[#6]:&@1):,-;@[#16]:,-;@[#7]:,=;@[#6]:,-;@2-&!@[#7]-&!@[#6]1-,:;@[#6]-,:;@[#6]-,:;@[#6]-,:;@[#6]-,:;@[#6]-,:;@1",0.0379638671875,0.8216833095577747
CHEMBL4837239,22,31.78048780487805,"[#6]1:&@[#6]:&@[#6]:&@[#6]:&@[#6](:&@[#6]:&@1)-&!@[#6]1:&@[#6]:&@[#16]:&@[#6]2:&@[#6]:&@1:&@[#7]:&@[#6](:&@[#7]:&@[#6]:&@2)-&!@[#7]-&!@[#6]1:,-;@[#6]:,-;@[#6]:,-;@[#6]:,-;@[#6]:,-;@[#6]:,-;@1",2.044983148574829,0.6922486569455103
CHEMBL5032504,31,34.825,[#6]=&!@[#6]-&!@[#6](=&!@[#8])-&!@[#7]1-&@[#6]-&@[#6]-&@[#7](-&@[#6]-&@[#6]-&@1)-&!@[#6]-&!@[#6]-&!@[#6]-&!@[#6]-&!@[#6]-&!@[#7]1:&@[#7]:&@[#6](:&@[#6]2:&@[#6]:&@1:&@[#7]:&@[#6]:&@[#7]:&@[#6]:&@2-&!@[#7])-&!@[#6]1:&@[#6]:&@[#6]:&@[#6]:&@[#6]:&@[#6]:&@1,13.794975996017456,0.8901651112706388
CHEMBL5053557,21,32.088235294117645,[#6]-&!@[#8]-&!@[#6]1:&@[#6]:&@[#6](-&!@[#8]-&!@[#6]):&@[#6]2:&@[#6](:&@[#6]:&@1):&@[#7]:&@[#6](:&@[#7]:&@[#6]:&@2=&!@[#8])-&!@[#6]1:&@[#6]:&@[#6]:&@[#6]:&@[#6]:&@[#6]:&@1,4.44355320930481,0.6544454628780936
CHEMBL5096142,22,34.054054054054056,[#6]-&!@[#8]-&!@[#6]1:&@[#6]:&@[#6](-&!@[#6]-&!@[#6]-&!@[#6]2:&@[#6]:&@[#6](:&@[#7]:&@[#7]:&@2)-&!@[#6]2:&@[#7]:&@[#6]:&@[#6]:&@[#7]:&@2):&@[#6]:&@[#6](:&@[#6]:&@1)-&!@[#8]-&!@[#6],16.777963876724243,0.646031746031746
CHEMBL5108017,25,27.822222222222223,[#6]-&!@[#6](=&!@[#8])-&!@[#7](-&!@[#6]-&!@[#6]1:&@[#6]:&@[#6]:&@[#6]:&@[#6]:&@[#6]:&@1)-&!@[#6]1-&@[#6]-&@[#6]-&@[#7](-&@[#6]-&@[#6]-&@1)-&!@[#6]-&!@[#6]-&!@[#6]1:&@[#6]:&@[#6]:&@[#6]:&@[#6]:&@[#6]:&@1,0.2708456516265869,0.8985623003194888
CHEMBL5108044,27,39.872727272727275,[#6]-&!@[#6]-&!@[#7]1-&@[#6]-&@[#6]-&@[#7](-&@[#6]-&@[#6]-&@1)-&!@[#6](=&!@[#8])-&!@[#6]1:&@[#6]:&@[#6]:&@[#6](:&@[#7]:&@[#6]:&@1)-&!@[#6]1:&@[#7]:&@[#6](:&@[#7]:&@[#8]:&@1)-&!@[#6]1:&@[#6]:&@[#6]:&@[#6]:&@[#6]:&@[#6]:&@1,30.07176375389099,0.6771545827633378
CHEMBL5108059,21,30.341463414634145,[#6]-&!@[#6]1:&@[#7]:&@[#6]2:&@[#6](:&@[#7]:&@1-&!@[#6]1:&@[#6]:&@[#6]:&@[#6]:&@[#6]:&@[#6]:&@1):&@[#6]1:&@[#6]:&@[#6](:&@[#6]:&@[#6]:&@[#6]:&@1:&@[#7]:&@[#6]:&@2)-&!@[#6],30.260265588760376,0.6921221864951769
CHEMBL5126610,18,27.774193548387096,"[#6](=,-;!@[#8])-&!@[#7]-&!@[#6]1:&@[#6]:&@[#6]:&@[#6](:&@[#6]:&@[#6]:&@1-&!@[#7])-&!@[#7]-&!@[#6]-&!@[#6]1:&@[#6]:&@[#6]:&@[#6]:&@[#6]:&@[#6]:&@1",0.43346714973449707,0.6480836236933798
CHEMBL5131397,16,24.0,[#8]=&!@[#6](-&!@[#6]-&!@[#6]1:&@[#6]:&@[#6]:&@[#6]:&@[#6]:&@[#6]:&@1)-&!@[#7]-&!@[#6]1:&@[#6]:&@[#6]:&@[#7](:&@[#7]:&@1)-&!@[#6],0.37526917457580566,0.6666666666666666
CHEMBL5149996,18,24.1,"[#6]-&!@[#6](=&!@[#8])-&!@[#7]-&!@[#6](-&!@[#6]-&!@[#6]1:,-;@[#6]:,-;@[#8]:,-;@[#6]2:&@[#6]:,-;@1:&@[#6]:&@[#6]:&@[#6]:&@[#6]:&@2)-&!@[#5](-&!@[#8])-&!@[#8]",0.04321742057800293,0.7468879668049793
CHEMBL5154702,27,32.5,[#6]1:&@[#7]:&@[#6](-&!@[#17]):&@[#7]:&@[#6]2:&@[#6]:&@1:&@[#7]:&@[#6]:&@[#7]:&@2-&!@[#6]-&!@[#6]1:&@[#6]:&@[#6]:&@[#6](:&@[#6]:&@[#6]:&@1)-&!@[#6](=&!@[#8])-&!@[#7]-&!@[#6]1:&@[#6]:&@[#6]:&@[#6]:&@[#6]:&@[#6]:&@1-&!@[#7],2.674455165863037,0.8307692307692308
CHEMBL5214905,12,19.851063829787233,[#6]1:&@[#6]:&@[#6](-&!@[#7]-&!@[#6]-&!@[#6]):&@[#6]2:&@[#6](:&@[#6]:&@1):&@[#7]:&@[#7]:&@[#6]:&@2,0.21941542625427246,0.6045016077170419
CHEMBL5236615,18,29.86842105263158,[#6]1:&@[#6]:&@[#6]:&@[#6](:&@[#6]:&@[#6]:&@1-&!@[#8]-&!@[#6])-&!@[#6]1-&@[#6]2:&@[#6]:&@[#6]:&@[#6]:&@[#6]:&@[#6]:&@2-&@[#6]-&@[#6]-&@[#7]-&@1,12.144663572311401,0.6026431718061674
CHEMBL5247641,29,33.87096774193548,[#6]1:&@[#6]:&@[#6](-&!@[#6]2:&@[#6]:&@[#6]:&@[#6]3:&@[#6](:&@[#6]:&@2):&@[#7]:&@[#6]:&@[#16]:&@3):&@[#7]:&@[#6](:&@[#7]:&@1)-&!@[#7]-&!@[#6]1:&@[#6]:&@[#6]:&@[#6](:&@[#6]:&@[#7]:&@1)-&!@[#6]-&!@[#7]1-&@[#6]-&@[#6]-&@[#7]-&@[#6]-&@[#6]-&@1,0.6312770843505859,0.8561904761904763
CHEMBL5247653,35,36.945945945945944,[#6]-&!@[#6]1:&@[#7]:&@[#6]:&@[#7](:&@[#7]:&@1)-&!@[#6]-&!@[#6](=&!@[#8])-&!@[#7]1-&@[#6]-&@[#6]-&@[#7](-&@[#6]-&@[#6]-&@1-&!@[#6])-&!@[#6]1:&@[#16]:&@[#6](:&@[#7]:&@[#6]:&@1-&!@[#6]1:&@[#6]:&@[#7]:&@[#6](:&@[#7]:&@[#6]:&@1)-&!@[#6](-&!@[#9])(-&!@[#9])-&!@[#9])-&!@[#6](-&!@[#9])(-&!@[#9])-&!@[#9],0.9552056789398193,0.9473299195318216
CHEMBL5316320,22,34.285714285714285,[#8]=&!@[#6](-&!@[#6]1:&@[#6]:&@[#6]:&@[#6]:&@[#6]:&@[#6]:&@1)-&!@[#7]1-&@[#6]-&@[#6]-&@[#7](-&@[#6]-&@[#6]-&@1)-&!@[#6](=&!@[#8])-&!@[#6]1:&@[#6]:&@[#6]:&@[#6]:&@[#6]:&@[#6]:&@1,28.432114362716675,0.6416666666666667
CHEMBL5321234,19,30.146341463414632,"[#6]-&!@[#6]1-&@[#6]-&@[#8]-&@[#6]-&@[#6]-&@[#7]-&@1-&!@[#6]1:&@[#7]:&@[#6]:&@[#7]:&@[#6]2:&@[#6]:&@1:&@[#16]:&@[#6]:&@[#6]:&@2-&!@[#16](-&!@[#6])=,-;!@[#8]",3.3365302085876465,0.6302588996763754
CHEMBL5344413,20,28.454545454545453,"[#8]=&!@[#6]1-&@[#6]-,=;@[#6](-&!@[#6]2:&@[#7]:&@[#6](:&@[#7]:&@[#8]:&@2)-&!@[#6])-&@[#6]-&@[#6]-&@[#6]-&@[#7]-&@1-&!@[#6]1:&@[#6]:&@[#6]:&@[#6]:&@[#6]:&@[#6]:&@1",5.514136552810669,0.7028753993610224
CHEMBL5346928,20,27.757575757575758,"[#6]1:&@[#6]:&@[#6]:&@[#6]:&@[#6]:&@[#6]:&@1-&!@[#6]-&!@[#8]-&!@[#6]1:&@[#6]:&@[#6]:&@[#6](:&@[#6]:&@[#6]:&@1)-&!@[#16](-,=;!@[#8])-&!@[#6]-&!@[#6](=&!@[#8])-&!@[#8]",0.22977828979492188,0.7205240174672489
CHEMBL5346969,16,24.12121212121212,[#6]1:&@[#6]:&@[#6]:&@[#6](:&@[#6]:&@[#6]:&@1)-&!@[#7](-&!@[#6](=&!@[#8])-&!@[#6])-&!@[#6]1:&@[#6]:&@[#6]:&@[#6]:&@[#6]:&@[#6]:&@1,0.21684956550598145,0.6633165829145728
CHEMBL5360625,25,39.47457627118644,[#6]1:&@[#6](-&!@[#6]-&!@[#8]-&!@[#6]2:&@[#6]:&@[#6]:&@[#6](:&@[#6](:&@[#6]:&@2)-&!@[#8]-&!@[#6]-&!@[#6])-&!@[#6]-&!@[#7]):&@[#6]:&@[#6]:&@[#6]:&@[#6]:&@1-&!@[#6]1:&@[#6]:&@[#6]:&@[#6]:&@[#6]:&@[#6]:&@1,30.09698796272278,0.6333190210390726
CHEMBL5365538,21,33.475,"[#6]1-&@[#6]-&@[#6]-&@[#7](-&@[#6]-&@[#6]-&@1)-&!@[#6]1:&@[#6]:&@[#7]:&@[#6]2:&@[#6](:&@[#7]:&@1):&@[#7]:&@[#7]:&@[#6]:&@2-&!@[#7]1-&@[#6]-&@[#6]-&@[#6]-&@[#6]:,-;@[#6]-&@1",30.081297159194946,0.6273338312173263
CHEMBL5380793,24,32.067796610169495,"[#6]-&!@[#6]1:,-;@[#6]:,-;@[#6](-&!@[#7]-&!@[#6]2:&@[#7]:&@[#6]:&@[#7]:&@[#6]:&@[#6]:&@2):,-;@[#6](:,=;@[#6]:,-;@[#6]:,=;@1-&!@[#6]1-&@[#6]-&@[#6]-&@[#7]-&@[#6]-&@[#6]-&@1)-&!@[#8]-&!@[#6](-&!@[#6])-&!@[#6]",11.605851888656616,0.748414376321353
CHEMBL5380805,23,30.75,[#6]1:&@[#6]:&@[#6]:&@[#6](:&@[#6]:&@[#6]:&@1)-&!@[#6]1:&@[#7]:&@[#6]:&@[#7]:&@[#6]:&@1-&!@[#6]1:&@[#6]:&@[#7](:&@[#7]:&@[#7]:&@1)-&!@[#6]-&!@[#6]1:&@[#6]:&@[#6]:&@[#6]:&@[#6]:&@[#6]:&@1,30.06214141845703,0.7479674796747967
CHEMBL5380875,30,44.388888888888886,[#6]-&!@[#6]1:&@[#6](-&!@[#6](=&!@[#8])-&!@[#7]2-&@[#6]-&@[#6]-&@[#7]-&@[#6]-&@[#6]-&@2):&@[#7]:&@[#7]:&@[#7]:&@1-&!@[#6]-&!@[#6]1:&@[#6]:&@[#6]:&@[#6](:&@[#7]:&@[#6]:&@1)-&!@[#6](=&!@[#8])-&!@[#7]-&!@[#6]1:&@[#6]:&@[#6]:&@[#6]:&@[#6]:&@[#6]:&@1,30.164369583129883,0.6758448060075094
CHEMBL5385844,22,32.214285714285715,"[#6]-&!@[#7]-&!@[#6]1:&@[#7]:&@[#6]:&@[#6]:&@[#6](:&@[#7]:&@1)-&!@[#7]1:&@[#6](-&!@[#6]-&!@[#6]#&!@[#7]):&@[#6]:&@[#7]:&@[#6]:&@1-&!@[#6]1:,=;@[#6]:,-;@[#6]:,-;@[#6]:,-;@[#6]:,=;@[#6]:,-;@1",10.935345649719238,0.6829268292682926
CHEMBL5500393,16,24.72972972972973,[#6]-&!@[#7]1-&@[#6]-&@[#6](-&@[#6]-&@[#6]-&@1=&!@[#8])-&!@[#6]1:&@[#7]:&@[#6]2:&@[#6](:&@[#7]:&@1):&@[#6]:&@[#6]:&@[#6]:&@[#6]:&@2,24.971434116363525,0.6469945355191257
CHEMBL5500411,39,45.84848484848485,[#6]1:&@[#6]:&@[#6]:&@[#6]:&@[#6](:&@[#6]:&@1)-&!@[#6]1:&@[#6]:&@[#8]:&@[#6]2:&@[#6]:&@1:&@[#6](:&@[#7]:&@[#6]:&@[#7]:&@2)-&!@[#8]-&!@[#6]1:&@[#6]:&@[#6]:&@[#6](:&@[#6]:&@[#6]:&@1)-&!@[#7]-&!@[#6](=&!@[#8])-&!@[#6]1:&@[#6]:&@[#6]:&@[#6]:&@[#7](:&@[#6]:&@1=&!@[#8])-&!@[#6]1:&@[#6]:&@[#6]:&@[#6](:&@[#6]:&@[#6]:&@1)-&!@[#9],6.110307216644287,0.8506278916060805
CHEMBL5500413,24,37.659574468085104,[#6]-&!@[#6]1:&@[#6]:&@[#6]:&@[#6](:&@[#6]:&@[#6]:&@1-&!@[#6]#&!@[#6]-&!@[#6])-&!@[#6](=&!@[#8])-&!@[#7]-&!@[#6]1:&@[#6]:&@[#6]:&@[#6]2:&@[#6](:&@[#6]:&@1):&@[#7](:&@[#6]:&@[#6]:&@2-&!@[#6])-&!@[#6],30.23527431488037,0.6372881355932204
CHEMBL5506043,36,39.348837209302324,[#6]-&!@[#6]1:&@[#7]:&@[#6](-&!@[#6](=&!@[#8])-&!@[#7]-&!@[#6](-&!@[#6]-&!@[#6]-&!@[#6]-&!@[#7]-&!@[#6](=&!@[#7])-&!@[#6]-&!@[#17])-&!@[#6](=&!@[#8])-&!@[#7]-&!@[#6]-&!@[#6]2:&@[#6]:&@[#6]:&@[#6]:&@[#6]:&@[#6]:&@2):&@[#6]:&@[#6]2:&@[#6]:&@1:&@[#7]:&@[#6]1:&@[#6]:&@2:&@[#6]:&@[#6]:&@[#6]:&@[#6]:&@1,1.4513335227966309,0.9148936170212766
CHEMBL5512696,16,25.11111111111111,[#6]-&!@[#7]1:&@[#7]:&@[#6](:&@[#6]:&@[#6]:&@1-&!@[#6]1:&@[#6]:&@[#6]:&@[#6]:&@[#6]:&@[#6]:&@1)-&!@[#6](=&!@[#8])-&!@[#7]-&!@[#8],0.13819456100463867,0.6371681415929203
CHEMBL5523726,17,27.303030303030305,[#6]1:&@[#6]:&@[#6]:&@[#6](:&@[#6]:&@[#7]:&@1)-&!@[#6]1:&@[#6]:&@[#6]:&@[#6]2:&@[#6](:&@[#7]:&@1):&@[#6](:&@[#6]:&@[#6]:&@[#7]:&@2)-&!@[#7],0.9225931167602539,0.6226415094339622
CHEMBL5532664,20,31.970588235294116,[#6]1:&@[#6]:&@[#6](-&!@[#6]):&@[#7]:&@[#6]:&@[#6]:&@1-&!@[#7]-&!@[#6]1:&@[#7]:&@[#6]:&@[#6]2:&@[#6](:&@[#7]:&@1):&@[#7](-&!@[#6]):&@[#6](:&@[#7]:&@2-&!@[#6])=&!@[#8],27.379413604736328,0.62557497700092
CHEMBL5532667,26,33.87755102040816,[#6]-&!@[#6](-&!@[#8])(-&!@[#6]-&!@[#7]1-&@[#6]-&@[#6]-&@[#7](-&@[#6]-&@[#6]-&@1)-&!@[#6])-&!@[#6](=&!@[#8])-&!@[#7]-&!@[#6]1:&@[#6]:&@[#6]:&@[#6](:&@[#6](:&@[#6]:&@1)-&!@[#6](-&!@[#9])(-&!@[#9])-&!@[#9])-&!@[#6]#&!@[#7],7.206138849258423,0.7674698795180723
CHEMBL5532675,13,20.228571428571428,[#6]-&!@[#6]-&!@[#8]-&!@[#6]1:&@[#7]:&@[#6](-&!@[#17]):&@[#6]:&@[#6]2:&@[#6]:&@1:&@[#6]:&@[#7]:&@[#7]:&@2,0.9696834087371826,0.6426553672316384
CHEMBL5576122,24,36.0,[#6]-&@[#6]-&@[#7](-&!@[#6]-&!@[#6]-&!@[#6]-&!@[#6]-&!@[#6]-&!@[#7]1-&@[#6]2:&@[#6]:&@[#6]:&@[#6]:&@[#6]:&@[#6]:&@2-&@[#16]-&@[#6]2:&@[#6]-&@1:&@[#7]:&@[#6]:&@[#6]:&@[#6]:&@2)-&@[#6]-&@[#6],11.299120426177979,0.6666666666666666
CHEMBL5584296,23,28.88888888888889,"[#6]1:&@[#6]:&@[#6]:&@[#6]:&@[#6](:&@[#6]:&@1)-&!@[#6]1:&@[#6]:&@[#6](-&!@[#7]2-&@[#6]-&@[#6]-&@[#6]-,:;@[#6]:&@[#6]:&@[#6]:&@[#6]:&@[#6]:,-;@[#6]-&@[#6]-&@2):&@[#7]:&@[#6]:&@[#7]:&@1",9.887854099273682,0.7961538461538461
CHEMBL5608173,27,31.96969696969697,[#6]-&!@[#8]-&!@[#6]1:&@[#6]:&@[#6](-&!@[#8]):&@[#6](:&@[#6]:&@[#6]:&@1-&!@[#6]-&!@[#6]=&!@[#6](-&!@[#6])-&!@[#6])-&!@[#6]1:&@[#6]:&@[#6](-&!@[#6]2:&@[#6]:&@[#6]:&@[#6](:&@[#6]:&@[#6]:&@2)-&!@[#8]):&@[#7]:&@[#6]:&@[#7]:&@1,0.12984085083007812,0.8445497630331754
CHEMBL5614404,23,35.44186046511628,[#8]=&!@[#6](-&!@[#7]-&!@[#6]1:&@[#16]:&@[#6]2:&@[#6](:&@[#6]:&@1-&!@[#6](=&!@[#8])-&!@[#7]-&!@[#6])-&@[#6]-&@[#6]-&@[#6]-&@[#6]-&@[#6]-&@2)-&!@[#6]1:&@[#6]:&@[#6]:&@[#6]:&@[#6]:&@[#6]:&@1,4.341729402542114,0.6489501312335958
CHEMBL5614461,22,33.97222222222222,[#6]-&!@[#6]-&!@[#6](=&!@[#8])-&!@[#7]-&!@[#6]1:&@[#6]:&@[#6]:&@[#6]:&@[#6](:&@[#6]:&@1)-&!@[#16]-&!@[#6]1:&@[#6]:&@[#6]:&@[#6]2:&@[#6](:&@[#6]:&@1):&@[#7]:&@[#7]:&@[#6]:&@2-&!@[#6],15.51755166053772,0.6475878986099755
CHEMBL6078625,20,29.964912280701753,[#6]-&!@[#6]1:&@[#6]:&@[#6](-&!@[#6]2:&@[#6]:&@[#6]:&@[#6](:&@[#6]:&@[#6]:&@2)-&!@[#7]-&!@[#6]=&!@[#8]):&@[#6]2:&@[#6](:&@[#7]:&@1):&@[#8]:&@[#7]:&@[#6]:&@2-&!@[#7],20.08111810684204,0.6674473067915692
CHEMBL6078688,19,29.12121212121212,[#6]-&!@[#6]-&!@[#7]1-&@[#6]-&@[#6]-&@[#7](-&@[#6]-&@[#6]-&@1)-&!@[#6]-&!@[#6](-&!@[#8])-&!@[#6]-&!@[#8]-&!@[#6]1:&@[#6]:&@[#6]:&@[#6]:&@[#6]:&@[#6]:&@1,0.621424674987793,0.6524453694068678
CHEMBL6087392,20,31.954545454545453,[#8]=&!@[#6](-&!@[#8])-&!@[#6]-&!@[#7]-&!@[#6](=&!@[#8])-&!@[#6]1:&@[#7]:&@[#6]:&@[#6](:&@[#6]:&@[#6]:&@1-&!@[#8])-&!@[#6]1:&@[#6]:&@[#6](:&@[#7]:&@[#8]:&@1)-&!@[#6],2.5983734130859375,0.6258890469416786
CHEMBL6087400,11,17.228070175438596,"[#6]-&!@[#6](=&!@[#7]-&!@[#7]-,=;!@[#6])-&!@[#6]1:,-;@[#6]:,-;@[#6]:,-;@[#6]:,-;@[#6]:,-;@[#6]:,-;@1",0.03625822067260742,0.6384928716904277
CHEMBL6087465,15,21.109375,[#6]-&!@[#8]-&!@[#6]1:&@[#6]:&@[#6]:&@[#6](:&@[#6]:&@[#6]:&@1)-&!@[#6]1:&@[#7]:&@[#6](:&@[#6](:&@[#16]:&@1)-&!@[#6])-&!@[#6],0.97367262840271,0.7105847520355293
CHEMBL6092208,25,40.48780487804878,[#6]-&!@[#7]1-&@[#6]-&@[#6]-&@[#7](-&@[#6]-&@[#6]-&@1)-&!@[#6]1:&@[#6]:&@[#6]2:&@[#6](:&@[#6]:&@[#6]:&@1-&!@[#9]):&@[#6](=&!@[#8]):&@[#6](:&@[#6]:&@[#7]:&@2-&!@[#6]1-&@[#6]-&@[#6]-&@1)-&!@[#6](=&!@[#8])-&!@[#8],0.11789512634277344,0.6174698795180723
CHEMBL6096665,27,35.57575757575758,[#6]-&!@[#6]1:&@[#8]:&@[#7]:&@[#6](:&@[#6]:&@1-&!@[#6]-&!@[#7]1-&@[#6]-&@[#6]-&@[#6](-&@[#6]-&@[#6]-&@1)-&!@[#6]-&!@[#8]-&!@[#6]1:&@[#6]:&@[#6]:&@[#6]:&@[#6]:&@[#6]:&@1)-&!@[#6]1:&@[#6]:&@[#6]:&@[#6]:&@[#6]:&@[#6]:&@1,30.158019542694092,0.7589437819420783
CHEMBL6096703,21,29.302325581395348,[#6]-&!@[#6]-&!@[#6]1:&@[#6]:&@[#6]2:&@[#7]:&@[#6]:&@[#6](:&@[#6]:&@[#6]:&@2:&@[#7]:&@[#6]:&@1=&!@[#8])-&!@[#6]-&!@[#7]1-&@[#6]-&@[#6]=&@[#6](-&@[#6]-&@[#6]-&@1)-&!@[#6],30.324912548065186,0.7166666666666667
CHEMBL6096737,26,39.53846153846154,[#6]1:&@[#6]:&@[#6]:&@[#6](:&@[#6]:&@[#6]:&@1)-&!@[#6]1:&@[#6](-&!@[#6]2:&@[#6]:&@[#6]:&@[#6](:&@[#6]:&@[#6]:&@2)-&!@[#8]-&!@[#6]):&@[#6](:&@[#6]2:&@[#7]:&@1:&@[#6]:&@[#6]:&@[#7]:&@[#6]:&@2)-&!@[#6](-&!@[#7])=&!@[#8],30.218774795532227,0.6575875486381323
CHEMBL6096740,41,43.32608695652174,[#6]-&!@[#8]-&!@[#6]1:&@[#7]:&@[#6]:&@[#7]:&@[#6](:&@[#6]:&@1-&!@[#6]1:&@[#7]:&@[#6]:&@[#6]:&@[#6](:&@[#7]:&@1)-&!@[#7]1-&@[#6]-&@[#6]-&@[#8]-&@[#6]-&@[#6]-&@1-&!@[#6]1:&@[#6]:&@[#6]:&@[#6](:&@[#6]:&@[#6]:&@1)-&!@[#6]1:&@[#7]:&@[#6](:&@[#6]:&@[#7]:&@1-&!@[#6](-&!@[#6])-&!@[#6])-&!@[#6](-&!@[#9])(-&!@[#9])-&!@[#9])-&!@[#6]1-&@[#6]-&@[#6]-&@1,3.0238959789276123,0.9463120923231308
CHEMBL6103545,20,31.674418604651162,[#6]-&!@[#6](-&!@[#8]-&!@[#6](=&!@[#8])-&!@[#7]-&!@[#6]1:&@[#6](-&!@[#6]2:&@[#6]:&@[#6]:&@[#6](:&@[#6]:&@[#7]:&@2)-&!@[#7]):&@[#7]:&@[#7]:&@[#7]:&@1-&!@[#6])-&!@[#6],1.2386484146118164,0.631424375917768
CHEMBL6103630,26,35.093023255813954,[#6]1:&@[#6]:&@[#6]:&@[#6](:&@[#6]:&@[#6]:&@1)-&!@[#7]-&!@[#6]1:&@[#7]:&@[#6](-&!@[#7]-&!@[#6]2:&@[#6]:&@[#6]:&@[#6](:&@[#6]:&@[#6]:&@2)-&!@[#7]2-&@[#6]-&@[#6]-&@[#7]-&@[#6]-&@[#6]-&@2):&@[#7]:&@[#6]:&@[#6]:&@1,30.154852867126465,0.7408880053015242
CHEMBL6103657,13,21.38235294117647,[#6]-&!@[#7](-&!@[#6]-&!@[#6]1:&@[#6]:&@[#6]:&@[#7]:&@[#6]:&@[#6]:&@1)-&!@[#6](=&!@[#8])-&!@[#7]-&!@[#6],0.07493782043457031,0.607977991746905
CHEMBL6114946,21,30.68421052631579,[#6]1:&@[#6]:&@[#6]:&@[#6]:&@[#6]:&@[#6]:&@1-&!@[#8]-&!@[#6]1:&@[#7]:&@[#6]:&@[#6](:&@[#6]:&@[#6]:&@1-&!@[#6](=&!@[#8])-&!@[#7]-&!@[#6])-&!@[#6](-&!@[#9])(-&!@[#9])-&!@[#9],1.5429480075836182,0.6843910806174957
CHEMBL6120943,30,43.734693877551024,[#6]-&!@[#6]1:&@[#6]:&@[#7]:&@[#6](:&@[#6](:&@[#6]:&@1)-&!@[#6](=&!@[#8])-&!@[#7]-&!@[#6]1-&@[#6]-&@[#6]-&@[#6]-&@[#6]-&@1-&!@[#8]-&!@[#6]-&!@[#6]1:&@[#6]:&@[#6]:&@[#6](:&@[#6]:&@[#6]:&@1)-&!@[#6]1:&@[#6]:&@[#6]:&@[#6]:&@[#6]:&@[#6]:&@1)-&!@[#7],30.121521472930908,0.6859542697153522
CHEMBL6127133,20,33.09375,[#6]-&!@[#6]1:&@[#6](-&!@[#7]):&@[#6]:&@[#6]:&@[#6]:&@[#6]:&@1-&!@[#6]1:&@[#6]:&@[#7](:&@[#6]2:&@[#6]:&@1:&@[#6]:&@[#6](:&@[#6]:&@[#6]:&@2)-&!@[#6]#&!@[#7])-&!@[#6],3.293534994125366,0.6043437204910292
CHEMBL6177982,25,30.34090909090909,[#7]-&!@[#6](=&!@[#8])-&!@[#6]1-&@[#6]-&@[#6]-&@[#6]-&@[#6]-&@[#7]-&@1-&!@[#6](=&!@[#8])-&!@[#6]=&!@[#6]-&!@[#6]1:&@[#6]:&@[#7](:&@[#7]:&@[#6]:&@1-&!@[#6])-&!@[#6]1:&@[#6]:&@[#6]:&@[#6]:&@[#6]:&@[#6]:&@1,0.6239864826202393,0.8239700374531835
CHEMBL6182894,17,27.363636363636363,[#8]=&!@[#6](-&!@[#7]-&!@[#7]=&!@[#6]-&!@[#6]1:&@[#6]:&@[#6]:&@[#6]:&@[#6]:&@[#6]:&@1)-&!@[#6]1:&@[#6]:&@[#6]:&@[#6]:&@[#6]:&@[#6]:&@1,0.6609306335449219,0.6212624584717608
CHEMBL6182942,19,30.333333333333332,[#6]-&!@[#6]1:&@[#6]:&@[#6]:&@[#6]:&@[#6](:&@[#7]:&@1)-&!@[#6]1:&@[#7]:&@[#7]:&@[#6]:&@[#6]:&@1-&!@[#6]1:&@[#6]:&@[#6]:&@[#6]:&@[#7]:&@[#6]:&@1-&!@[#6],18.80100655555725,0.6263736263736264
